full_name,profession_id,profession_group_id,gender,date_of_birth,hire_date,resignation_date
"S.Ak, Hendra Purwanto",18,2,M,1978-09-02,1997-12-31,
Made Utomo,24,2,M,1973-05-13,1991-07-09,
"Lina Wijaya, MBA",13,2,F,1979-03-16,2006-09-06,
"S.Farm, Zainal Raharjo",9,1,M,1972-10-02,1990-05-30,
Oki Hakim,20,2,M,1967-07-24,2003-03-31,
"Oki Pratama, Sp.Farm",9,1,M,1993-08-15,2016-10-02,
"Hesti Utomo, S.Kep",3,1,F,1984-10-22,2010-04-18,
Dimas Tampubolon,7,1,M,1996-02-26,2016-05-22,
"M.M, Nadia Maulana",13,2,F,1998-05-17,2025-07-08,
Ani Purwanto,20,2,F,1967-05-16,1997-12-06,
"Ners, Putri Wibowo",3,1,F,1968-04-13,1987-04-15,
"Fajar Manurung, SST",7,1,M,1999-05-19,2020-10-21,
"S.E, Haris Santoso",17,2,M,1983-05-17,2003-04-25,
Purwanto Hutapea,22,2,M,1966-05-04,1984-06-19,
Lukas Prabowo,19,2,M,1978-03-06,2006-01-16,
Tiara Santoso,18,2,F,1967-07-03,2006-10-14,
Rini Simanjuntak,8,1,F,1970-03-28,1993-12-21,
Usman Sinaga,3,1,M,1975-04-17,2009-05-18,
"Slamet Setiawan, M.Kep",3,1,M,1993-03-16,2014-07-04,
"Novita Santoso, M.Biomed",8,1,F,1970-03-05,2006-01-05,
"Yuni Manurung, A.Md.AK",8,1,F,1996-03-25,2023-12-20,
"S.T, Zulkifli Santoso",24,2,M,1997-11-08,2024-04-11,
"A.Md.Kep, Zara Setiadi",3,1,F,1987-12-27,2021-09-03,
"A.Md, Retno Hartono",17,2,F,1978-09-30,2008-10-07,
Hadi Sari,19,2,M,1969-04-15,1990-06-14,
"Sp.Kep, Sinta Siahaan",3,1,F,1978-09-29,2012-05-18,
"Vina Raharjo, Sp.Kep",3,1,F,1974-12-05,1999-05-05,
Budi Hidayat,5,1,M,1968-03-29,1995-10-04,
Dwi Pasaribu,22,2,M,1972-06-19,2002-02-02,
Puspita Utomo,19,2,F,2003-11-21,2022-08-15,
"Anisa Kurniawan, dr.",1,1,F,1965-09-27,1986-02-19,
Ade Malik,20,2,M,2003-07-11,2021-02-25,
"S.E, Yuni Hartono",18,2,F,1968-05-16,1991-01-20,
"Novita Prasetyo, dr. Sp.B",2,1,F,1992-05-15,2023-11-29,
"Mega Sugiarto, S.Tr.Rad",7,1,F,1992-07-27,2018-05-25,
Nanang Utomo,20,2,M,1965-09-10,1998-10-11,
"A.Md.Kep, Sri Suryanto",3,1,F,1995-02-02,2017-04-26,2019-03-14
"Citra Susanto, M.Kep",3,1,F,1977-04-21,2015-04-18,
"Cahyo Maulana, drg. Sp.Pros",2,1,M,1987-10-27,2007-12-21,
"Endah Nasution, Ners",3,1,F,1972-11-03,1991-05-10,
Retno Malik,16,2,F,1993-07-05,2020-12-01,
"Ani Hutabarat, Dr.",3,1,F,2000-03-05,2019-11-02,
Yoga Nasution,1,1,M,1978-08-24,2014-09-06,
"Apt., Agus Suprapto",9,1,M,1992-06-10,2017-01-08,
"Ak., Wati Lubis",18,2,F,1966-06-28,2006-12-08,
"S.Kes, Wahyu Wijayanto",14,2,M,1970-01-01,2002-04-08,
Farhan Putra,20,2,M,1985-06-26,2009-08-30,
"Nur Siahaan, M.KM",16,2,F,1989-10-30,2010-07-11,
"S.Tr.Rad, Candra Pasaribu",7,1,M,1968-01-10,1991-03-29,
"Rudi Siregar, M.Ak",18,2,M,2001-03-20,2022-03-25,
"Farhan Pratama, MBBS",1,1,M,1966-04-23,2004-07-21,
"A.Md.Kep, Sri Putra",3,1,F,1987-11-26,2017-12-06,2024-03-24
"Ika Malik, A.Md",17,2,F,1999-03-10,2018-12-29,2025-11-30
Agus Pasaribu,10,1,M,1988-10-23,2011-01-19,
"S.Adm, Irfan Wijaya",17,2,M,1988-11-23,2018-08-29,
"Ahmad Santoso, M.KM",14,2,M,1974-01-25,2006-03-10,
Wati Gunawan,19,2,F,1984-02-10,2018-09-05,
"Mira Purwanto, Ners",3,1,F,1971-12-01,2000-11-01,
"Yuni Prasetyo, dr. Sp.OG",2,1,F,1969-08-16,2001-07-30,
"M.Kes, Susilo Lubis",5,1,M,1966-04-30,1984-05-06,
Zahra Pasaribu,17,2,F,1995-03-09,2025-01-23,
"Ayu Hutabarat, M.Ft",10,1,F,1991-05-10,2021-09-19,
Tiara Setiawan,3,1,F,1971-05-21,1999-02-23,
"Bambang Setiawan, M.Kes",5,1,M,1984-05-29,2024-02-10,2025-04-20
Fani Saputra,23,2,F,1989-05-14,2025-05-07,
"Ika Wibowo, Dr.",3,1,F,1996-05-20,2019-08-19,
"S.T, Kurniawan Lubis",6,1,M,1994-06-06,2022-08-18,
"Wati Hutapea, M.KM",16,2,F,1986-03-07,2021-07-26,
Zara Saputra,20,2,F,1997-12-15,2025-08-24,
Novita Sari,20,2,F,1975-02-14,1999-04-11,2000-08-09
"Sp.Kep, Wati Hakim",3,1,F,1994-03-19,2019-05-29,
"Indra Susanto, S.Adm",17,2,M,1965-12-09,1999-01-08,
"Retno Gunawan, S.Farm",9,1,F,1970-03-11,1995-08-07,
"Maya Wibowo, S.Kep",3,1,F,1995-12-15,2015-07-15,
"dr., Intan Saputra",1,1,F,2002-08-30,2021-12-30,2024-07-15
"Wulan Simbolon, S.Sos",17,2,F,1979-07-29,2017-08-04,
"Diana Suprapto, S.T",6,1,F,1978-06-22,2008-11-02,
Irfan Simanjuntak,20,2,M,1976-03-31,2016-05-05,
"Sinta Saputra, A.Md.Kep",3,1,F,1981-05-10,2000-04-24,
"Elia Nugroho, M.Kep",3,1,F,1980-01-31,2000-09-30,
Purwanto Firmansyah,20,2,M,1998-11-29,2021-08-24,
Diah Sari,21,2,F,1997-11-29,2018-11-10,
Mega Prasetyo,3,1,F,1993-09-02,2023-11-02,
Tiara Saputra,15,2,F,1972-01-19,2003-10-22,
"Bella Sitompul, Dr.",1,1,F,1985-10-04,2008-12-18,
Citra Nasution,3,1,F,2001-07-24,2019-11-30,
"A.Md.Rad, Maya Hartono",7,1,F,1973-12-25,2012-11-22,
Yuliana Purwanto,3,1,F,1989-01-17,2014-03-24,2021-02-17
"Zara Tampubolon, S.Keb",4,1,F,1982-08-07,2014-02-21,
Tuti Budiman,20,2,F,1973-03-15,2012-06-04,2013-01-24
"M.Kep, Kusuma Wijaya",3,1,M,1985-10-13,2013-05-29,2022-01-16
"drg. Sp.Perio, Rina Wibowo",2,1,F,1970-01-28,2005-07-24,
"MD, Puspita Pasaribu",1,1,F,1979-05-24,1997-10-28,
"S.Kes, Eko Pratama",14,2,M,1980-10-26,2007-09-14,
"Wulan Hermawan, A.Md.Kep",3,1,F,1975-07-16,2011-10-01,
"Sri Kusuma, Ir.",13,2,F,1992-06-07,2017-02-02,
"S.Tr.RMIK, Indra Situmorang",16,2,M,2001-04-05,2022-12-13,
"S.Farm, Indra Pasaribu",9,1,M,2002-03-16,2023-01-30,
"Rina Hartono, S.Si",8,1,F,1994-06-27,2015-11-27,
"MBBS, Fitri Siahaan",1,1,F,1974-12-28,2008-12-17,
"Puspita Gunawan, Ners",3,1,F,1970-10-21,2009-11-08,
"Mira Gunawan, S.Kom",15,2,F,1985-11-26,2008-11-17,
"S.Tr.Kes, Firmansyah Santoso",21,2,M,1986-04-03,2008-02-11,
"M.Kes, Yoga Hakim",5,1,M,1990-03-19,2010-07-20,
"Novita Pratama, Dr.",1,1,F,1986-07-23,2011-04-01,
"M.Kep, Silvi Sugiarto",3,1,F,1985-01-26,2012-08-15,
"Sp.Kep, Cahyo Kusuma",3,1,M,1985-10-04,2006-03-25,
"Novita Hutabarat, dr. Sp.U",2,1,F,1986-12-17,2023-03-27,
"Purwanto Purwanto, S.Ft",10,1,M,1995-01-06,2017-08-29,
"M.Kep, Prasetyo Siregar",3,1,M,1973-01-02,1998-03-04,
"Yuni Putra, dr. Sp.S",2,1,F,1993-09-01,2017-07-04,
Linda Kurniawan,4,1,F,1999-05-27,2022-08-30,
"Anisa Hakim, A.Md.Kep",3,1,F,1971-08-17,2007-02-03,
Lestari Firmansyah,3,1,F,1983-06-05,2020-10-23,
"S.Kep, Dwi Simanjuntak",3,1,M,1994-04-16,2025-05-15,
"Budi Widodo, M.M",17,2,M,1993-08-30,2016-07-30,
"Rina Utomo, Ners",3,1,F,1990-12-20,2017-05-06,
Rina Firmansyah,20,2,F,1982-09-29,2015-08-25,
"S.Kep, Ratna Wijaya",3,1,F,1976-06-12,2010-05-14,
"Budi Kurniawan, drg. Sp.Ort",2,1,M,1968-11-16,1993-06-26,
Anisa Widodo,19,2,F,1974-11-03,1997-08-08,2015-11-06
Endah Sinaga,4,1,F,1978-10-08,2008-01-22,
Gilang Situmorang,19,2,M,1993-09-30,2024-09-09,
"M.Kep, Joko Hakim",3,1,M,1967-09-22,1997-05-14,
Sari Pasaribu,11,1,F,2003-11-16,2022-04-29,2024-03-21
"S.T, Joko Utomo",24,2,M,1986-04-25,2025-07-23,
"Fajar Hidayat, drg. Sp.KGA",2,1,M,1993-03-23,2022-03-18,
Indah Sinaga,3,1,F,1981-04-11,2017-11-21,
"dr. Sp.KK, Joko Wijaya",2,1,M,1975-09-20,1997-01-09,
Made Kurniawan,1,1,M,1996-05-20,2018-02-14,
"Ners, Vina Raharjo",3,1,F,1974-09-08,1999-12-11,
"Anisa Hermawan, M.Kep",3,1,F,1989-04-06,2023-08-02,2025-08-19
"Nanang Putra, S.T",24,2,M,1994-09-12,2018-02-13,
"Galih Simbolon, A.Md.Keb",4,1,M,1974-11-01,2009-04-19,
Tiara Purwanto,23,2,F,1981-03-26,2004-11-28,
"A.Md.Kep, Iwan Panjaitan",3,1,M,1984-01-05,2021-01-22,
Rini Hartono,6,1,F,1975-10-17,2013-10-27,
"S.T, Yanti Prasetyo",15,2,F,1992-05-25,2024-11-27,
"A.Md.Kes, Fajar Hartono",12,1,M,1999-02-15,2025-02-22,
"A.Md.AK, Nur Hermawan",8,1,F,1986-03-25,2025-05-01,
Mega Purwanto,23,2,F,2003-01-14,2022-09-08,
"Drs., Putri Sugiarto",13,2,F,2001-02-05,2025-08-24,
"Maya Prabowo, Sp.Kep",3,1,F,2001-12-30,2022-12-27,
"Dewi Susanto, M.T",13,2,F,1969-04-15,2001-06-15,
Firmansyah Hakim,8,1,M,2001-10-09,2021-11-12,
Prasetyo Susanto,4,1,M,1974-08-03,2000-06-01,2017-03-27
Tuti Susanto,15,2,F,1969-03-05,1989-11-20,
"Kurniawan Prasetyo, MBBS",1,1,M,1984-03-23,2013-12-07,
"dr. Sp.An, Kurniawan Wijayanto",2,1,M,1975-03-22,1998-09-21,2012-02-24
Haris Permana,14,2,M,1990-10-27,2016-09-02,
Dedi Nasution,10,1,M,1983-08-27,2017-12-11,2023-06-15
"Putri Pasaribu, Sp.Farm",9,1,F,1967-04-26,2007-03-27,
"Ners, Mega Utomo",3,1,F,1976-02-28,2004-10-25,
"Bd., Tri Wijayanto",4,1,F,1967-09-21,1996-11-01,
Bayu Saputra,19,2,M,1999-10-31,2019-10-07,2020-03-31
"Dr., Intan Pratama",3,1,F,1970-03-11,2002-11-21,
Jaya Putra,10,1,M,1975-02-20,1995-08-20,
"Cahyo Saputra, M.KM",16,2,M,1993-02-16,2019-06-16,
"Retno Pratama, Dr.",3,1,F,2001-12-29,2021-09-17,
"Intan Pratama, S.Kes",5,1,F,1980-02-19,2002-07-13,
Susilo Simanjuntak,22,2,M,1999-08-21,2025-05-29,
"S.Ked, Yanti Nugroho",1,1,F,1975-02-21,1999-10-02,
Kartika Tampubolon,5,1,F,2003-03-23,2024-02-07,
"SST, Bella Priyanto",4,1,F,1983-10-16,2003-09-22,
Joko Tampubolon,18,2,M,1977-02-05,2011-05-18,
"Made Prabowo, A.Md",17,2,M,1988-05-28,2010-07-04,2014-12-05
"MBA, Silvi Pasaribu",13,2,F,1987-09-29,2023-12-14,
"MBA, Nur Wibowo",13,2,F,1970-02-23,2004-08-31,
"Bella Sugiarto, Apt.",9,1,F,1991-09-29,2025-07-25,
"Wahyu Sari, S.Kom",15,2,M,1996-02-14,2017-04-18,
"Prasetyo Saputra, S.Kes",5,1,M,1978-09-15,2005-12-21,
Wawan Sitompul,1,1,M,1968-02-22,1999-08-08,2009-02-01
"Kusuma Siregar, S.Kep",3,1,M,1972-10-01,1999-01-10,
"A.Md.Kes, Indra Lubis",8,1,M,1967-04-29,1990-12-21,
"Sinta Sinaga, S.Kes",5,1,F,1966-12-17,1986-04-12,
"Sri Hartono, dr. Sp.B",2,1,F,1982-07-22,2000-07-17,
"dr. Sp.B, Mega Wijayanto",2,1,F,2002-10-28,2021-11-15,
Dewi Malik,3,1,F,2003-07-27,2022-02-20,2023-09-01
"Sp.Kep, Bella Nugroho",3,1,F,1975-01-17,1994-07-08,
"Vera Maulana, dr.",1,1,F,1973-11-06,1996-07-27,
"Haris Sugiarto, dr. Sp.A",2,1,M,1970-08-05,2003-02-16,2008-08-20
"Ners, Hendra Prabowo",3,1,M,1966-12-23,1995-11-26,
Citra Setiadi,9,1,F,1987-08-16,2011-10-11,
"M.Keb, Putri Hakim",4,1,F,1984-07-27,2016-02-27,
Hendra Hutabarat,19,2,M,1966-07-20,2004-05-01,
Tiara Priyanto,3,1,F,1969-11-16,1999-09-26,
"S.Ak, Indra Gunawan",18,2,M,1972-06-09,2000-03-15,
Lina Sugiarto,18,2,F,1996-05-16,2025-03-01,
"S.Kes, Hendra Setiadi",5,1,M,2002-12-25,2025-03-05,
Dimas Kurniawan,19,2,M,1999-03-25,2022-01-10,2024-03-28
"S.Ked, Hadi Kurniawan",1,1,M,1971-05-13,1998-08-31,
"Cahyo Sitompul, S.Tr.Kes",21,2,M,1991-12-08,2017-11-01,
"Wawan Suryanto, dr.",1,1,M,2003-12-08,2023-12-12,
"A.Md.Kes, Nanang Simbolon",21,2,M,1979-10-03,2012-04-12,2023-10-14
"Hesti Sitompul, A.Md",17,2,F,1987-12-23,2020-07-06,
"Iwan Lubis, A.Md.Kes",5,1,M,1970-05-18,2002-03-02,
"Ayu Saputra, S.Ked",1,1,F,1987-07-29,2020-01-15,
"Putri Panjaitan, MD",1,1,F,1975-05-16,2007-05-23,
Elia Budiman,20,2,F,1974-10-22,2008-01-05,
"Cahyo Pasaribu, M.M",13,2,M,1972-11-21,1998-07-04,
"M.M, Rina Purwanto",17,2,F,1999-09-12,2021-09-24,
Nugroho Widodo,19,2,M,1968-12-30,2007-10-31,
"Purwanto Lubis, A.Md",17,2,M,1982-06-08,2009-10-02,
"M.Kep, Puspita Wibowo",3,1,F,1978-10-15,2016-05-26,
Bayu Saputra,17,2,M,1986-08-19,2010-03-30,
Rahmat Panjaitan,18,2,M,1997-10-26,2019-08-01,
"M.Kes, Kartika Hermawan",5,1,F,1994-09-06,2018-02-20,
"Endah Simanjuntak, Dr.",3,1,F,2002-03-23,2025-07-22,
"Pharm.D, Yuni Saputra",9,1,F,1969-05-10,2001-09-23,
"Dedi Malik, S.KM",25,2,M,1997-10-06,2019-12-17,
Endah Permana,20,2,F,1980-07-05,2015-11-22,
"dr. Sp.Rad, Fitri Raharjo",2,1,F,1989-11-01,2013-06-29,
Zara Saputra,20,2,F,1999-03-06,2019-07-22,
Farhan Hutabarat,14,2,M,1981-10-02,2009-10-26,
"Intan Nasution, Dra.",13,2,F,1966-01-06,1984-09-30,
"MBA, Farhan Setiawan",13,2,M,1969-03-27,1989-02-21,
"MARS, Lestari Simbolon",14,2,F,2000-09-14,2019-09-01,
"Citra Purwanto, S.Sos",17,2,F,1984-03-14,2016-06-11,
"drg. Sp.Ort, Intan Prasetyo",2,1,F,1977-03-02,2012-08-26,
"S.T, Ade Manurung",15,2,M,1982-12-18,2003-10-12,
Bayu Hidayat,3,1,M,1989-05-24,2023-11-19,
"Dr., Mira Purwanto",3,1,F,1988-12-09,2020-09-02,
"SST, Silvi Saputra",4,1,F,1989-10-04,2007-12-09,
"Bayu Hakim, S.Tr.Kes",8,1,M,1998-04-24,2024-05-25,
"Mira Suryanto, M.Ft",10,1,F,1981-02-01,2021-10-19,
"Jaya Purwanto, S.T",24,2,M,1995-02-22,2018-12-24,
"A.Md.Kes, Rudi Setiawan",12,1,M,2000-11-11,2024-11-11,
"Candra Gunawan, S.Kom",15,2,M,1988-10-06,2019-12-26,
"Sinta Sari, M.Keb",4,1,F,1982-11-09,2020-09-09,
Diana Putra,20,2,F,2001-09-16,2023-03-02,
"Elia Sinaga, M.Kes",5,1,F,1980-08-21,2009-04-19,2021-07-04
"Yuliana Wijaya, M.M",13,2,F,1996-11-17,2020-03-07,
"Endah Susanto, S.Adm",17,2,F,1974-08-05,2005-03-06,
"Wulan Hakim, A.Md.Keb",4,1,F,1974-03-30,1999-12-25,
"Rahmat Simanjuntak, A.Md.RMIK",16,2,M,1977-12-31,2000-05-13,
"SST, Haris Hidayat",4,1,M,1984-10-02,2004-02-12,
"M.Kep, Usman Gunawan",3,1,M,1990-04-27,2017-07-04,
"Nadia Nasution, dr. Sp.An",2,1,F,1993-06-03,2015-05-04,
Yanti Kusuma,3,1,F,1974-04-12,1993-01-11,
Ningsih Setiadi,17,2,F,1999-01-07,2023-10-01,
"Dr., Citra Utomo",3,1,F,1999-04-02,2018-06-17,
"S.Kom, Zahra Wijaya",15,2,F,1975-11-07,2014-05-22,
"Sp.Farm, Yoga Pratama",9,1,M,1979-07-27,2019-06-02,
"Fitri Siregar, Dr.",3,1,F,1994-10-17,2017-09-08,
Firmansyah Pratama,18,2,M,1982-02-22,2011-04-25,
Budi Santoso,20,2,M,1989-08-17,2012-08-05,
"Ir., Bella Setiawan",13,2,F,1979-09-26,2002-08-07,
"Yanto Sari, RD",11,1,M,1981-09-16,2005-07-16,
"M.M, Galih Sari",17,2,M,1999-12-02,2020-05-12,
"dr., Galih Hutabarat",1,1,M,1982-02-04,2015-02-07,
Retno Pratama,20,2,F,1980-12-22,2000-05-09,
"Zara Hartono, Ners",3,1,F,1971-03-02,1992-05-18,
"Wulan Wijaya, M.KM",16,2,F,1987-06-02,2007-11-04,
"Dewi Prabowo, Ners",3,1,F,1994-01-07,2018-08-04,
Diah Siahaan,5,1,F,2002-07-11,2024-07-06,
"A.Md.Kes, Ayu Prasetyo",8,1,F,1993-06-04,2022-04-22,
"M.Kep, Candra Wibowo",3,1,M,1980-12-05,2001-06-08,
Oki Sitompul,20,2,M,1981-07-27,2011-05-18,
"S.Keb, Yuni Hermawan",4,1,F,1969-11-17,2003-09-04,
"Ningsih Putra, DrPH",14,2,F,1996-09-19,2024-02-12,
"dr. Sp.Rad, Fajar Wibowo",2,1,M,1980-11-18,2010-06-28,
"Ners, Indah Suprapto",3,1,F,1965-05-03,1999-08-29,
Kusuma Hutapea,19,2,M,1967-07-17,1986-11-15,
"Yuni Setiadi, S.Adm.Kes",13,2,F,1974-09-24,2000-10-02,2007-01-18
"S.Kes, Oki Simbolon",5,1,M,1992-07-06,2019-12-01,
Bayu Panjaitan,20,2,M,1977-05-14,2015-07-02,
"Silvi Tampubolon, S.Tr.Kes",8,1,F,1983-04-06,2023-06-18,
"S.Tr.Kes, Anisa Prabowo",12,1,F,2001-05-02,2023-02-22,
"M.Kep, Silvi Hutapea",3,1,F,2003-07-29,2023-03-24,
Gilang Siahaan,22,2,M,1991-10-16,2010-12-28,
Taufik Hutabarat,6,1,M,1981-03-18,2018-08-14,
Linda Permana,20,2,F,1982-01-02,2002-07-16,
"Kurniawan Tampubolon, Apt.",9,1,M,1993-01-16,2011-07-24,
"Widya Santoso, M.KM",14,2,F,1976-08-09,2009-05-08,
"Dr., Endah Nasution",3,1,F,1981-01-11,2006-03-01,
"Gunawan Saputra, Sp.Kep",3,1,M,1990-05-26,2021-02-09,
"Citra Siahaan, A.Md.Kep",3,1,F,1971-10-29,2009-01-19,
"S.Kep, Ani Susanto",3,1,F,1965-03-09,1988-07-09,
"Dr., Prasetyo Prasetyo",3,1,M,1966-03-13,2004-12-17,
Slamet Saputra,3,1,M,1977-12-28,2013-03-26,
"Tiara Priyanto, A.Md.Keb",4,1,F,1982-07-23,2014-05-25,
Ayu Nugroho,20,2,F,1984-09-10,2015-09-20,
Nugroho Nugroho,18,2,M,1985-01-29,2005-09-24,
Hadi Maulana,20,2,M,1974-09-12,2010-09-29,
"S.Tr.Kes, Rahmat Hutabarat",8,1,M,1977-03-24,2012-08-15,
"M.M, Yanto Wijayanto",17,2,M,1995-06-28,2019-10-16,
"S.Gz, Sri Hermawan",11,1,F,1972-02-24,1999-01-02,
Zulkifli Sari,17,2,M,2001-02-28,2019-08-03,
"Widya Sugiarto, A.Md.Kep",3,1,F,1999-09-16,2019-11-01,
Fani Gunawan,3,1,F,1977-06-20,1997-04-12,
Linda Prasetyo,20,2,F,1984-03-10,2024-04-22,
"A.Md.T, Purwanto Simanjuntak",24,2,M,1992-03-06,2017-11-22,
"M.M, Joko Setiadi",13,2,M,1977-11-11,2009-08-20,
"Puspita Situmorang, SST",7,1,F,1995-07-12,2014-07-22,
Galih Hakim,3,1,M,1980-04-11,2008-10-26,
"S.E, Budi Lubis",17,2,M,1966-09-25,2000-06-13,
"Sp.Kep, Lestari Purwanto",3,1,F,1982-05-12,2000-06-22,
Teguh Malik,1,1,M,1996-06-25,2017-04-26,
"Rudi Budiman, S.Ked",1,1,M,2000-09-29,2024-12-05,
"Yuliana Rahman, A.Md.Kep",3,1,F,1971-07-13,2008-02-09,
Sari Setiawan,7,1,F,1974-07-18,1999-01-23,
"Made Nasution, Sp.Kep",3,1,M,1984-11-30,2012-12-25,
"Ners, Diana Prabowo",3,1,F,1988-12-21,2021-07-21,
"Sari Sinaga, M.Kep",3,1,F,1980-05-20,2017-07-29,
"Candra Pasaribu, S.T",15,2,M,1998-02-21,2016-03-15,
"RD, Wulan Raharjo",11,1,F,1992-04-29,2013-04-05,
"Yuliana Situmorang, S.Adm",17,2,F,1998-11-10,2021-09-16,2025-04-03
Dimas Tampubolon,20,2,M,2001-11-02,2019-08-13,
"Vera Sari, Sp.Kep",3,1,F,1997-03-08,2021-09-05,
"Wulan Budiman, S.Tr.Kes",12,1,F,1995-02-11,2014-01-13,
Nugroho Sitompul,22,2,M,1982-07-11,2019-08-17,
"S.KM, Ika Wijayanto",16,2,F,1977-10-29,2004-11-18,
Nur Widodo,7,1,F,1967-02-08,1992-09-12,
"Tiara Manurung, S.Adm.Kes",13,2,F,2002-07-04,2024-07-08,
"S.Ked, Sri Purwanto",1,1,F,2002-04-05,2020-10-26,
"Fani Sari, Sp.Kep",3,1,F,1974-02-26,2005-06-02,
"S.Kep, Mega Priyanto",3,1,F,1986-12-19,2005-12-04,
"MBA, Eko Wibowo",13,2,M,1978-12-05,1998-12-09,
Rina Sugiarto,3,1,F,1978-03-09,1998-10-28,
Fani Siahaan,22,2,F,1967-04-08,2005-09-11,
"Ade Firmansyah, A.Md",17,2,M,1986-10-09,2015-12-04,
"Eko Hakim, A.Md.Kep",3,1,M,1981-09-12,2011-11-10,
"S.Kes, Farhan Pratama",5,1,M,1983-10-17,2011-01-01,
"Wahyu Widodo, A.Md.Kes",21,2,M,1999-10-08,2024-12-18,
"Rahmat Sinaga, A.Md.Kes",21,2,M,1974-11-22,1997-03-10,
"Oki Sinaga, Ners",3,1,M,1967-03-10,1988-09-10,1992-03-14
"dr. Sp.S, Kusuma Siahaan",2,1,M,1988-08-13,2021-04-07,
"S.T, Fajar Malik",24,2,M,1980-12-31,2001-01-30,2008-04-22
"Dr., Rudi Prabowo",1,1,M,1970-02-23,1992-04-23,
"Yanto Lubis, Sp.Kep",3,1,M,1971-09-27,1990-12-22,
"Linda Budiman, drg. Sp.Perio",2,1,F,1965-07-22,1997-06-04,
Mahendra Manurung,23,2,M,1988-11-19,2025-09-04,
"Cahyo Pasaribu, Dr.",3,1,M,1971-07-21,2005-01-24,
Yanto Wibowo,4,1,M,1973-09-28,2012-09-18,
"Wati Gunawan, RD",11,1,F,1978-12-13,2011-08-23,
"Rini Sari, S.Tr.Rad",7,1,F,1984-12-16,2012-08-15,
"MBBS, Bambang Suprapto",1,1,M,1987-04-22,2023-10-11,
"Dimas Susanto, M.Kep",3,1,M,1971-04-05,1993-06-23,
Puspita Hutapea,23,2,F,1998-04-26,2018-03-08,
"M.T, Linda Pasaribu",13,2,F,1991-01-30,2019-12-02,
"S.Adm, Mira Manurung",17,2,F,1992-09-22,2023-11-01,
"S.Kes, Rina Permana",5,1,F,1971-11-25,2001-08-14,2007-12-11
"Teguh Nasution, S.Ked",1,1,M,1983-12-19,2007-03-03,
"Slamet Setiadi, Sp.Farm",9,1,M,1967-11-19,1997-09-29,
"S.E, Indah Rahman",18,2,F,1974-11-25,2005-11-01,
"Intan Situmorang, dr. Sp.Rad",2,1,F,1998-06-25,2021-08-31,
Mega Sinaga,20,2,F,1997-03-04,2019-10-13,
"S.Kep, Hadi Kusuma",3,1,M,1992-06-01,2018-01-07,
Diana Hidayat,3,1,F,1965-08-20,1985-08-18,2001-10-02
"MBA, Usman Lubis",13,2,M,1975-04-18,2012-09-23,
"Cahyo Setiawan, S.KM",25,2,M,1993-09-08,2021-01-06,
Putri Pasaribu,23,2,F,1992-07-20,2024-10-04,
"Rahmat Hutapea, S.Kep",3,1,M,1966-07-09,1999-03-20,
"M.Adm.Kes, Gilang Sitompul",13,2,M,1995-03-18,2022-02-12,
"Farhan Saputra, dr. Sp.P",2,1,M,1997-07-26,2023-06-07,2025-10-26
Nanang Prabowo,21,2,M,1998-01-16,2018-06-22,
"Sp.Farm, Vera Situmorang",9,1,F,1969-08-25,2001-05-06,
"Ners, Gunawan Suprapto",3,1,M,1968-01-15,1991-04-26,2002-01-14
"Dewi Hutapea, Dr.",1,1,F,1996-07-27,2025-05-23,
"Tuti Utomo, Sp.Kep",3,1,F,1980-08-08,2012-06-27,
Jaya Malik,3,1,M,1968-02-15,1989-10-05,
Maya Hutapea,20,2,F,1985-12-09,2008-02-11,2011-06-07
"Lukas Simanjuntak, Dr.",3,1,M,1973-12-13,2004-07-18,
Nadia Wibowo,20,2,F,1967-12-26,1985-07-24,
Rahmat Nasution,12,1,M,1999-07-10,2017-01-23,
"Intan Maulana, S.KM",14,2,F,1995-08-31,2015-10-06,
"Ratna Utomo, dr. Sp.M",2,1,F,1995-09-20,2022-07-18,
Farhan Utomo,16,2,M,1998-06-26,2016-08-16,
"Silvi Lubis, Apt.",9,1,F,2002-01-29,2020-09-22,2025-05-02
Galih Simbolon,19,2,M,1974-10-25,2014-11-05,
Jaya Simbolon,19,2,M,1985-09-07,2020-01-25,
"M.KM, Tiara Purwanto",16,2,F,1990-04-29,2012-05-25,
Yuni Pratama,20,2,F,1981-01-12,2004-07-12,
"Galih Sugiarto, M.M",17,2,M,1997-10-13,2015-02-19,
"Vera Widodo, S.Tr.Kes",21,2,F,1987-02-18,2010-11-24,
"Sri Wijaya, Dr.",3,1,F,2000-02-01,2021-11-24,
"MBA, Oki Suprapto",13,2,M,1984-04-26,2021-11-12,
"Lina Siahaan, Dr.",3,1,F,1985-10-17,2004-12-31,2019-11-28
"Mira Suprapto, Dr.",3,1,F,2003-02-11,2022-10-17,
Mahendra Simbolon,22,2,M,2003-04-12,2024-06-29,
Kusuma Hermawan,22,2,M,1970-07-22,1996-12-16,2012-11-04
Citra Nasution,1,1,F,1992-09-28,2025-10-07,
"Ratna Kusuma, Bd.",4,1,F,1999-01-12,2019-01-10,
"A.Md.Keb, Fani Firmansyah",4,1,F,1973-02-08,2001-10-05,
"M.Kep, Rina Susanto",3,1,F,1998-09-24,2024-06-16,
"Fani Prasetyo, M.Ked",1,1,F,1993-05-27,2017-06-01,
Wawan Saputra,20,2,M,1989-04-14,2023-05-22,
"M.Kep, Fitri Sugiarto",3,1,F,1967-11-01,2001-05-01,
"Yuliana Panjaitan, M.Kep",3,1,F,1979-02-27,2005-02-07,
"A.Md.RMIK, Kusuma Situmorang",16,2,M,2002-02-21,2025-07-03,
"Ani Firmansyah, dr. Sp.RM",2,1,F,2003-01-20,2024-02-19,
"Elia Maulana, S.Ft",10,1,F,1972-07-26,1998-11-30,
"MARS, Elia Hutabarat",14,2,F,1981-07-19,2009-06-29,2018-02-19
"M.M, Oki Suryanto",17,2,M,2001-02-23,2021-05-15,
"S.E, Susilo Sinaga",18,2,M,1966-03-19,1992-06-09,
Tiara Pasaribu,19,2,F,2000-08-03,2018-09-30,
Indra Hutabarat,19,2,M,1993-06-07,2012-04-22,
"S.Adm, Ahmad Pasaribu",17,2,M,2000-11-29,2018-11-22,
Putri Susanto,3,1,F,1989-02-20,2024-05-23,
"Tiara Panjaitan, S.E",17,2,F,1974-10-07,1996-01-29,
"A.Md.Kep, Haris Hutabarat",3,1,M,1987-08-19,2010-10-10,
Sari Suryanto,20,2,F,1989-05-24,2007-12-03,
"Lina Malik, A.Md.Kep",3,1,F,1990-11-18,2018-02-18,
"Vina Sinaga, Sp.Kep",3,1,F,1967-04-23,1997-06-19,
"Nur Wibowo, Sp.Kep",3,1,F,1995-02-13,2015-06-03,
"S.Ked, Wati Maulana",1,1,F,1987-05-31,2024-08-10,
"Kartika Hakim, SST",7,1,F,1976-05-20,1997-10-23,
"Dwi Wijayanto, S.Sos",17,2,M,1982-11-22,2013-03-04,
"Retno Simbolon, Sp.Kep",3,1,F,1997-12-08,2018-09-05,2024-07-24
"Hesti Susanto, A.Md.Kep",3,1,F,1984-05-26,2006-07-30,
"M.KM, Hadi Rahman",16,2,M,1986-05-11,2009-04-01,
Yuliana Wijaya,23,2,F,1972-04-01,1995-08-15,
Kurniawan Wijayanto,20,2,M,1972-07-14,1999-10-04,
"Eko Sinaga, A.Md",17,2,M,1992-06-16,2011-06-05,2019-03-29
"S.E, Sari Santoso",17,2,F,1986-02-24,2006-03-29,
"Putri Putra, S.Adm",17,2,F,1997-09-09,2018-08-10,2021-10-13
Gilang Priyanto,17,2,M,1968-05-31,2006-12-26,
Indra Simbolon,19,2,M,1996-04-10,2017-07-02,
"Zahra Wibowo, Dr.",3,1,F,1984-03-03,2002-05-07,
"RD, Farhan Wijayanto",11,1,M,1985-03-13,2007-10-29,
Mira Suprapto,22,2,F,1967-06-13,2000-12-07,
"Linda Maulana, S.Adm.Kes",13,2,F,1981-12-30,2004-06-30,
Fajar Suprapto,1,1,M,1965-05-10,1985-07-06,
"Endah Permana, A.Md.Rad",7,1,F,1973-09-05,1992-08-30,
Yuni Maulana,20,2,F,1993-11-06,2015-05-23,
"Kusuma Kusuma, M.T",15,2,M,1996-11-24,2022-03-26,
"A.Md.Rad, Mira Wijayanto",7,1,F,1978-10-27,2003-06-22,
"dr., Nur Hidayat",1,1,F,1971-09-23,1990-05-02,
"A.Md.ELM, Made Raharjo",6,1,M,1987-10-04,2013-07-02,
"Jaya Sitompul, dr. Sp.KJ",2,1,M,1982-07-25,2012-06-20,2016-08-31
"S.T, Cahyo Wijaya",24,2,M,1994-12-03,2013-04-17,
"Wahyu Priyanto, MD",1,1,M,1999-03-04,2021-10-08,
Budi Suprapto,20,2,M,1992-07-29,2014-10-31,
Anisa Hutabarat,1,1,F,1971-02-04,2007-03-13,
Gunawan Kusuma,22,2,M,1966-02-04,2006-04-17,
"S.KM, Zainal Simbolon",16,2,M,1987-08-06,2006-01-13,
"Ahmad Sari, MBBS",1,1,M,1973-09-18,1996-11-23,2015-07-26
Zahra Budiman,3,1,F,1967-07-28,1992-05-27,
"S.KM, Ika Suprapto",16,2,F,1995-12-12,2022-11-19,
"dr. Sp.KJ, Tiara Sugiarto",2,1,F,1997-02-03,2017-01-13,
Vina Situmorang,19,2,F,1985-07-02,2005-05-01,
"Sp.Kep, Mega Situmorang",3,1,F,1989-03-10,2021-06-20,
"Tiara Gunawan, S.KM",25,2,F,1967-10-04,1990-09-12,
"Nugroho Pratama, S.E",17,2,M,1992-09-23,2025-06-09,
Gilang Manurung,19,2,M,2003-04-17,2023-09-21,
"S.Tr.Rad, Wawan Simanjuntak",7,1,M,1967-09-08,1995-09-07,1997-11-12
"Sp.Kep, Dewi Saputra",3,1,F,1996-04-20,2022-05-10,
"Anisa Hutabarat, dr.",1,1,F,1998-08-19,2020-07-10,
"Fitri Utomo, Dr.",3,1,F,1992-07-10,2024-06-14,
Ningsih Malik,23,2,F,1967-09-29,1992-04-25,
"A.Md.Kep, Yanti Lubis",3,1,F,1998-05-21,2020-08-28,
"MBBS, Ade Putra",1,1,M,1994-06-06,2014-11-13,
"Farhan Santoso, dr. Sp.Rad",2,1,M,1995-11-13,2025-10-22,
"Kurniawan Malik, Bd.",4,1,M,1968-11-23,2001-02-16,
Dwi Wijaya,19,2,M,1977-10-07,2010-11-17,
Purwanto Hutapea,5,1,M,1994-08-02,2018-10-14,
"Kusuma Putra, dr. Sp.PD",2,1,M,1974-06-03,1993-09-27,2003-09-13
"Eko Hutabarat, S.Ked",1,1,M,1969-09-22,1992-06-16,
"Sp.Kep, Wati Utomo",3,1,F,1992-02-14,2016-04-18,
"Rina Putra, M.Kep",3,1,F,1967-11-19,1998-12-02,
"S.Tr.Kes, Slamet Hutabarat",21,2,M,1994-11-17,2018-10-06,
Ahmad Wijaya,19,2,M,1997-09-06,2023-03-05,
Sinta Utomo,3,1,F,1974-04-20,2011-03-23,
"Wawan Kurniawan, MD",1,1,M,1985-10-05,2015-03-13,
Teguh Hutapea,20,2,M,1982-10-23,2019-10-09,
"A.Md.Kep, Rini Simanjuntak",3,1,F,1973-09-19,1991-10-13,
"Ade Saputra, dr. Sp.A",2,1,M,1971-08-11,1992-02-13,
Kurniawan Sitompul,5,1,M,1990-05-02,2018-01-31,
"dr., Indah Maulana",1,1,F,1985-05-10,2018-10-02,
"Teguh Susanto, S.Kep",3,1,M,1969-02-05,2002-04-15,2008-07-04
"Ningsih Hermawan, A.Md.Kep",3,1,F,1977-11-25,2009-03-24,2017-01-18
"Hendra Siahaan, M.Gz",11,1,M,1993-06-05,2023-05-11,
"Yoga Nasution, Ners",3,1,M,1969-04-06,1991-06-24,
"Ners, Wahyu Prabowo",3,1,M,1983-10-11,2020-04-26,
"Wawan Wibowo, M.M",17,2,M,1969-11-25,1991-08-01,
"Ratna Hakim, MD",1,1,F,1991-01-22,2017-02-20,
"S.Ak, Zainal Kusuma",18,2,M,2002-09-11,2023-11-30,
Dewi Putra,8,1,F,1998-08-24,2016-08-28,
"Made Prasetyo, S.Ft",10,1,M,1991-09-25,2020-04-17,
"Indra Putra, Ners",3,1,M,1981-02-26,2020-09-07,
Kusuma Simanjuntak,5,1,M,1985-04-11,2004-10-07,
"Mega Widodo, S.Adm",17,2,F,1988-03-27,2011-08-24,
"A.Md.Kep, Yuni Situmorang",3,1,F,1994-09-05,2023-10-21,
Rahmat Hermawan,19,2,M,1993-11-26,2017-12-03,
"Zara Setiawan, Dr.",3,1,F,1974-04-16,2001-09-17,
Agus Hidayat,19,2,M,1999-08-15,2018-11-04,
"Iwan Nasution, S.Tr.RMIK",16,2,M,1973-08-23,1996-10-03,
Ratna Manurung,3,1,F,2003-12-23,2023-02-25,
"Firmansyah Kurniawan, S.Tr.ELM",6,1,M,1990-12-15,2021-06-18,2024-02-29
"M.Kep, Elia Raharjo",3,1,F,1991-08-31,2021-12-13,
"M.Kes, Lukas Utomo",5,1,M,2002-02-15,2020-06-14,
"S.Sos, Maya Kusuma",17,2,F,1991-03-11,2016-04-29,
"Lestari Priyanto, MBA",13,2,F,1988-07-08,2014-01-29,
"M.Kep, Nadia Situmorang",3,1,F,1982-04-16,2011-08-29,
"Usman Pratama, SST",7,1,M,1979-02-26,2018-02-18,
Bella Hakim,20,2,F,1974-04-21,1995-06-10,
"Ners, Ratna Sari",3,1,F,1993-07-19,2022-07-27,
"A.Md.T, Tiara Simbolon",24,2,F,1971-10-24,2011-04-19,
"M.Kep, Yuliana Saputra",3,1,F,1969-08-23,2005-09-21,
"Tri Hakim, Ners",3,1,F,1966-04-16,1990-01-30,
"Nugroho Wibowo, A.Md",17,2,M,1993-08-20,2011-06-28,
"Sari Kurniawan, S.Ked",1,1,F,2000-12-13,2019-05-14,
Gilang Widodo,20,2,M,1990-01-21,2010-08-04,
"dr. Sp.KK, Kurniawan Hutapea",2,1,M,2002-03-02,2024-04-24,
"Retno Budiman, Sp.Farm",9,1,F,1997-10-16,2022-12-29,
"A.Md.RMIK, Yuni Siregar",16,2,F,1994-01-13,2023-05-31,
Widya Nugroho,19,2,F,1995-12-23,2024-12-11,
Lestari Simbolon,1,1,F,1981-10-14,2019-11-20,
"Mira Saputra, dr. Sp.An",2,1,F,1971-09-12,1989-04-01,
"Fitri Lubis, S.Sos",17,2,F,1997-08-27,2023-02-17,
"Anisa Budiman, dr. Sp.PD",2,1,F,1994-05-26,2022-09-09,
"Jaya Hakim, A.Md.Kes",5,1,M,1976-10-12,1995-01-28,
"Hesti Maulana, A.Md.Keb",4,1,F,1981-12-05,2020-09-28,
"Agus Utomo, A.Md.Kes",5,1,M,2002-11-04,2022-09-16,
Budi Nasution,3,1,M,1971-09-03,2010-12-16,
"Dwi Pasaribu, A.Md",17,2,M,1974-06-10,1997-08-20,
"Susilo Budiman, M.M",17,2,M,1976-06-25,2007-03-03,
"Sp.Kep, Citra Saputra",3,1,F,1972-09-20,2008-05-30,2009-06-04
"Lina Pratama, Dr.",3,1,F,1983-04-15,2018-03-06,
"drg. Sp.BM, Nanang Simanjuntak",2,1,M,1967-01-18,2007-12-30,
"Kusuma Malik, S.KM",16,2,M,1971-10-05,1990-03-21,
Cahyo Budiman,19,2,M,1966-05-27,1986-11-15,
"Mega Lubis, Sp.Kep",3,1,F,1971-02-12,1996-07-10,
Sinta Santoso,20,2,F,1983-05-03,2002-06-25,
Lestari Utomo,4,1,F,1998-03-16,2021-01-18,
"Ners, Rudi Hakim",3,1,M,1983-04-08,2011-07-17,
"S.Farm, Fajar Kurniawan",9,1,M,1982-02-13,2000-07-31,
"S.Ft, Galih Nugroho",10,1,M,1992-11-27,2013-10-13,
Sinta Setiawan,20,2,F,1965-11-27,1995-11-17,
Nur Setiadi,7,1,F,1984-06-07,2007-11-07,
"Retno Sinaga, M.Kep",3,1,F,1994-06-14,2022-10-31,2025-02-17
"Vera Wijayanto, Dr.",3,1,F,1991-01-11,2023-02-05,
"S.T, Dewi Wibowo",6,1,F,1990-07-18,2010-10-12,
"Rina Tampubolon, SST",4,1,F,1990-07-23,2017-02-09,2024-05-23
Jaya Putra,23,2,M,1975-03-18,2010-07-25,
"M.Gz, Bella Rahman",11,1,F,2003-10-22,2024-04-04,2025-06-12
Rini Tampubolon,3,1,F,1998-06-29,2024-12-07,
Linda Hakim,4,1,F,1965-04-11,2005-10-07,
Taufik Gunawan,3,1,M,1976-12-10,1997-11-21,
"Maya Hermawan, Sp.Farm",9,1,F,1979-07-23,2007-01-10,
"Diana Siahaan, Ners",3,1,F,1965-06-03,1985-01-09,
"Made Pasaribu, MD",1,1,M,2001-07-01,2022-07-17,
"S.Ked, Linda Panjaitan",1,1,F,1969-02-13,1999-11-21,
"Dewi Priyanto, S.K3",25,2,F,1989-07-03,2022-05-24,2023-12-26
"Made Simanjuntak, Sp.Kep",3,1,M,1996-08-29,2022-05-13,
Diana Prabowo,19,2,F,1992-09-12,2010-10-01,
"Maya Hidayat, S.Tr.Kom",15,2,F,1969-09-10,1998-04-16,
"Silvi Gunawan, S.KM",25,2,F,2001-06-26,2022-08-03,
"Silvi Prasetyo, S.Tr.Kes",21,2,F,1990-05-18,2020-07-23,
"S.Ft, Sari Tampubolon",10,1,F,1998-06-09,2017-01-05,
"Dimas Lubis, A.Md.Kep",3,1,M,1984-06-27,2013-10-29,
Lestari Nasution,17,2,F,2003-01-22,2022-01-16,
"Hesti Siregar, Dr.",3,1,F,2003-03-16,2025-10-17,
Gunawan Nugroho,22,2,M,1999-08-29,2021-04-12,
"M.KM, Ani Wijaya",16,2,F,2002-05-20,2021-07-28,2022-08-14
"Ners, Mira Sugiarto",3,1,F,1997-07-19,2015-07-24,
"Fani Utomo, S.Farm",9,1,F,1990-11-13,2010-08-11,
"S.KM, Intan Simbolon",16,2,F,1982-12-06,2021-09-26,
"Bd., Diah Kusuma",4,1,F,1979-10-09,2004-02-11,
"S.Kep, Widya Santoso",3,1,F,1991-03-15,2018-07-12,2019-03-14
"M.Keb, Lestari Prasetyo",4,1,F,1965-10-26,2003-07-23,
"Kartika Nasution, dr.",1,1,F,1993-02-02,2015-11-15,
Citra Sinaga,24,2,F,1976-12-15,2010-10-24,
Agus Siregar,23,2,M,1986-05-29,2006-12-01,2018-03-17
Tiara Budiman,3,1,F,1988-04-10,2014-06-30,
"Kusuma Putra, A.Md",17,2,M,1984-11-22,2022-03-09,
"MBBS, Nadia Suprapto",1,1,F,1997-09-15,2021-12-01,
"Zahra Hidayat, RD",11,1,F,1989-06-17,2013-08-08,2023-05-24
"Eko Hartono, A.Md",17,2,M,2002-05-11,2023-10-24,
"S.Ft, Kusuma Widodo",10,1,M,1994-05-19,2016-10-08,
"Elia Sugiarto, Dr.",3,1,F,2001-03-01,2022-01-18,
"M.T, Hendra Hakim",15,2,M,1974-09-29,2011-02-08,
"M.M, Maya Panjaitan",13,2,F,1994-11-05,2015-03-08,
Endah Hermawan,20,2,F,1987-06-21,2008-11-12,
"Cahyo Priyanto, S.Tr.Kes",8,1,M,1991-07-05,2016-06-09,
"Irfan Sugiarto, A.Md",17,2,M,1983-05-03,2002-06-30,
"Jaya Sari, dr. Sp.P",2,1,M,1980-10-16,2013-08-13,
"A.Md.Kep, Sari Pasaribu",3,1,F,1965-07-14,1997-08-07,
"S.Sos, Maya Hermawan",17,2,F,1972-10-12,1996-04-13,2007-03-12
"Taufik Sugiarto, dr. Sp.PA",2,1,M,1997-04-09,2021-10-17,
"S.Kep, Gilang Situmorang",3,1,M,1992-01-29,2022-02-06,
Lestari Simbolon,20,2,F,1966-07-07,1984-11-11,
"Sp.Kep, Lukman Sinaga",3,1,M,1983-05-23,2003-12-01,
"Taufik Priyanto, M.T",13,2,M,1995-12-16,2016-01-15,
Dewi Saputra,3,1,F,1974-07-10,1993-03-10,
Sri Sinaga,23,2,F,1966-07-22,1997-04-02,
Dwi Hermawan,23,2,M,1986-01-28,2010-04-16,
"Endah Sugiarto, S.Gz",11,1,F,2001-12-09,2023-10-03,
Haris Nugroho,19,2,M,1997-04-03,2023-02-18,
Jaya Hakim,17,2,M,1965-07-31,1985-04-22,
"A.Md, Wawan Hidayat",17,2,M,1986-01-23,2024-02-20,
Lukman Prabowo,19,2,M,2002-08-16,2023-01-03,
"dr. Sp.PK, Candra Sari",2,1,M,1982-05-25,2003-09-10,
"Slamet Permana, Bd.",4,1,M,2003-01-30,2024-05-10,
"Fitri Rahman, dr. Sp.KK",2,1,F,1979-05-11,2001-02-14,
"Ade Purwanto, S.Kes",5,1,M,1967-10-13,2003-08-22,
"Haris Hidayat, Dr.",1,1,M,2002-09-27,2024-08-11,
Zahra Suprapto,3,1,F,1965-07-15,1983-12-19,
"Ayu Hakim, M.Kep",3,1,F,1970-06-28,1991-06-09,
"Iwan Malik, S.K3",25,2,M,1981-02-16,2015-08-24,
Fajar Prabowo,19,2,M,1968-05-15,1997-07-28,
"S.E, Wahyu Sari",18,2,M,1969-12-04,1987-04-14,
"M.M, Sinta Nasution",13,2,F,1969-04-21,1997-03-14,
"Dedi Suprapto, dr. Sp.F",2,1,M,1972-11-16,1995-03-07,
"A.Md.Rad, Linda Sitompul",7,1,F,1982-01-02,2021-09-28,
"MBBS, Linda Hermawan",1,1,F,1982-04-09,2019-04-07,
"Sari Lubis, Ners",3,1,F,1984-01-09,2012-09-21,
Lukman Saputra,4,1,M,1965-02-26,1989-12-31,
"Ningsih Wijaya, S.Tr.RMIK",16,2,F,1994-06-16,2015-04-11,
"S.T, Indah Hutabarat",15,2,F,1969-05-26,1997-09-16,
"Yanto Nugroho, A.Md.Kep",3,1,M,1980-10-01,2016-06-21,
Wulan Utomo,5,1,F,2002-12-11,2024-05-26,
"drg. Sp.Perio, Nadia Setiadi",2,1,F,1981-11-26,2009-07-24,
Gilang Purwanto,22,2,M,1992-12-07,2010-10-02,
Linda Raharjo,14,2,F,1981-01-08,2002-03-01,
"Wawan Budiman, S.Tr.ELM",6,1,M,1970-04-14,1996-09-13,
"Ahmad Hutapea, Drs.",13,2,M,1993-02-01,2012-09-01,
"S.T, Nanang Hermawan",13,2,M,1982-07-11,2010-02-25,
Ahmad Suryanto,14,2,M,1975-07-27,1995-05-11,
"S.Ft, Rina Susanto",10,1,F,1992-08-28,2022-03-17,
"Sari Sinaga, M.T",15,2,F,2002-11-01,2020-11-17,
"Sp.Kep, Tiara Setiadi",3,1,F,1967-04-26,2007-06-30,
Intan Permana,17,2,F,1980-07-08,2013-11-16,
"Retno Utomo, A.Md.ELM",6,1,F,1984-03-03,2005-10-12,
"S.Sos, Wati Permana",17,2,F,1983-12-31,2004-09-03,
"Yanto Simanjuntak, Dr.",3,1,M,1985-06-21,2018-03-10,
Ika Sugiarto,1,1,F,1969-01-24,2009-10-06,
Maya Putra,5,1,F,1974-11-06,2000-08-20,
"Dewi Firmansyah, A.Md.Kes",5,1,F,1968-09-22,2001-04-13,
Usman Panjaitan,20,2,M,1975-01-17,2007-05-01,2013-04-07
"Gilang Hartono, S.Tr.ELM",6,1,M,1997-08-27,2022-04-13,
"Ahmad Rahman, S.Kes",5,1,M,1993-09-30,2015-11-02,
Joko Putra,20,2,M,1991-04-22,2019-11-09,
"drg. Sp.Perio, Anisa Prasetyo",2,1,F,1988-10-09,2007-02-03,
"MD, Retno Sugiarto",1,1,F,1990-05-04,2017-10-31,
"Sp.Kep, Yuni Hermawan",3,1,F,1986-03-16,2021-09-03,
"Novita Putra, M.Ft",10,1,F,1991-02-07,2018-11-21,
"Ners, Rina Prabowo",3,1,F,1983-09-16,2001-07-07,
Bambang Sitompul,20,2,M,1982-04-04,2004-05-09,
"SST, Dewi Hidayat",4,1,F,1986-10-02,2013-11-21,
"Dr., Mahendra Hutabarat",1,1,M,1978-10-13,2000-12-28,
Dwi Prabowo,19,2,M,1968-09-08,2002-05-14,
"S.T, Oki Rahman",15,2,M,1972-05-05,2008-03-04,2013-11-09
"dr., Sari Budiman",1,1,F,1965-10-06,1998-08-02,
"Gilang Raharjo, M.M",17,2,M,1988-09-07,2022-02-10,
"S.Kep, Fani Wibowo",3,1,F,1983-11-29,2005-10-31,
"Sp.Kep, Wulan Pasaribu",3,1,F,1987-09-01,2006-11-07,
"MBBS, Novita Kurniawan",1,1,F,1997-09-04,2015-02-17,
"M.Ked, Sinta Wijayanto",1,1,F,1970-11-28,2007-10-19,2013-07-31
"dr. Sp.JP, Wawan Situmorang",2,1,M,1985-11-02,2009-03-16,
"Bd., Wati Susanto",4,1,F,1992-10-11,2011-08-30,
Gilang Hutabarat,14,2,M,1999-11-01,2019-09-09,2022-11-10
"A.Md.Kes, Hesti Nasution",8,1,F,1966-01-02,1996-05-12,
Zara Santoso,3,1,F,1986-06-01,2019-01-29,
"Ners, Yuni Nasution",3,1,F,1984-01-11,2021-06-20,
Usman Widodo,23,2,M,1990-03-09,2017-07-03,2018-07-09
"Dr., Tri Raharjo",3,1,F,1986-09-04,2006-09-20,
"Widya Suryanto, S.Ft",10,1,F,1969-08-26,2004-10-23,2008-06-11
"Sp.Kep, Dedi Putra",3,1,M,1991-08-29,2012-08-25,2022-10-19
"Yuliana Nugroho, Bd.",4,1,F,1986-05-23,2013-11-29,
"Mahendra Hutabarat, dr.",1,1,M,1989-11-18,2021-06-28,
Joko Wijaya,6,1,M,1980-11-22,2017-05-16,
"Fani Hutabarat, S.Kes",5,1,F,1966-12-22,2001-04-27,
Nanang Nasution,9,1,M,1992-12-03,2022-07-20,
Vina Kusuma,3,1,F,1998-04-04,2018-06-08,2022-09-16
"Lina Santoso, S.KM",25,2,F,2002-02-26,2025-02-19,
"Ners, Eko Malik",3,1,M,1987-07-05,2007-02-06,
Sari Maulana,3,1,F,1979-08-09,2018-10-28,
Prasetyo Hutabarat,20,2,M,1968-04-04,2002-07-22,
"Indra Permana, S.E",18,2,M,1974-08-18,2002-02-06,
Yuni Prasetyo,3,1,F,1975-11-12,2002-12-20,
Fajar Suprapto,24,2,M,1979-12-22,2019-07-11,
Fajar Sitompul,1,1,M,1997-12-08,2016-01-21,
"MBBS, Lina Pratama",1,1,F,1987-10-05,2010-12-27,
"Farhan Situmorang, dr. Sp.P",2,1,M,1982-11-12,2004-12-20,
"Sp.Kep, Novita Purwanto",3,1,F,2002-11-15,2020-03-22,
"S.Si, Kusuma Hermawan",8,1,M,1990-10-05,2009-09-07,
"Ningsih Budiman, S.KM",14,2,F,1980-10-06,2019-07-03,
"Zulkifli Raharjo, Ners",3,1,M,1967-06-16,2006-03-18,
Slamet Wijaya,1,1,M,1990-03-13,2013-02-16,
"M.K3, Bella Malik",25,2,F,1975-06-06,2013-03-21,
"Sp.Kep, Sri Wibowo",3,1,F,1988-04-07,2015-07-09,
Tri Hidayat,3,1,F,1976-07-25,1997-07-31,
"Bd., Citra Malik",4,1,F,1979-02-12,2013-08-29,
"S.T, Oki Maulana",15,2,M,1997-11-22,2019-09-04,
"Intan Raharjo, dr. Sp.KJ",2,1,F,1978-02-20,2000-11-30,
"Usman Panjaitan, S.Ked",1,1,M,2001-12-31,2023-08-12,
Anisa Wijaya,23,2,F,1982-11-30,2016-10-16,
"A.Md.Kes, Maya Pasaribu",5,1,F,1986-05-29,2004-08-24,
Wulan Hermawan,3,1,F,2003-11-14,2025-07-10,
"Dr., Yuliana Situmorang",1,1,F,1982-05-31,2018-04-23,
"Yuni Budiman, Sp.Kep",3,1,F,1982-08-15,2021-05-13,
"S.Kep, Yuliana Lubis",3,1,F,2002-02-15,2022-12-02,
"M.Adm.Kes, Retno Hermawan",13,2,F,1982-06-09,2013-02-08,
"Jaya Wijayanto, A.Md",17,2,M,1975-02-25,1998-10-27,2002-09-30
"Intan Nugroho, Ners",3,1,F,1994-07-28,2020-02-04,
Nugroho Tampubolon,21,2,M,1970-04-07,2010-11-02,
"M.M, Wulan Hutapea",13,2,F,1991-09-22,2022-04-17,
Zahra Lubis,23,2,F,1970-03-25,2002-06-25,
"Mega Simbolon, S.Tr.Kes",21,2,F,2000-05-01,2020-02-27,2024-04-16
"A.Md.Kep, Joko Santoso",3,1,M,1990-01-19,2023-10-03,
"M.Kep, Ayu Permana",3,1,F,1989-02-15,2019-07-16,2022-06-02
Diana Panjaitan,3,1,F,1979-02-20,2001-04-30,
"Novita Gunawan, S.Ft",10,1,F,1979-07-22,2007-06-21,
Mira Saputra,23,2,F,1966-11-23,1997-06-09,
Cahyo Hartono,22,2,M,1976-12-20,2004-10-03,
"M.Farm, Purwanto Kurniawan",9,1,M,1999-12-11,2018-08-08,
"Rudi Simbolon, A.Md",17,2,M,1992-06-22,2021-10-18,
"A.Md.Kes, Prasetyo Kurniawan",12,1,M,1991-07-05,2013-03-28,
"drg. Sp.Pros, Sari Simbolon",2,1,F,1988-09-12,2014-10-22,
"S.Kep, Vina Sitompul",3,1,F,2003-07-25,2022-12-21,
"S.Adm, Hesti Hakim",17,2,F,1997-09-06,2015-02-18,2025-12-05
Rudi Widodo,20,2,M,1995-05-18,2019-09-06,2020-09-17
"Citra Hakim, Sp.Kep",3,1,F,1966-06-20,2004-05-17,
"Ika Simanjuntak, M.M",17,2,F,1968-03-17,2003-07-28,
"Lukman Suryanto, dr. Sp.RM",2,1,M,1984-04-04,2012-02-28,
"Yanto Putra, S.T",6,1,M,1976-09-27,1999-04-17,
"Kartika Lubis, A.Md",17,2,F,1976-11-10,2013-08-29,
"A.Md.Kep, Sinta Sitompul",3,1,F,2000-12-06,2023-03-09,
"drg. Sp.Ort, Diana Susanto",2,1,F,1969-11-16,1989-07-13,1999-05-09
Kusuma Nasution,14,2,M,1973-04-21,2010-12-25,
"dr. Sp.B, Dewi Hermawan",2,1,F,1969-04-09,1995-11-22,
"Maya Suryanto, M.Kes",5,1,F,1976-01-21,1998-10-26,
"Linda Sari, S.E",17,2,F,2001-07-02,2022-10-26,
Gilang Sari,20,2,M,1992-03-19,2023-10-19,
Rina Suprapto,20,2,F,1998-08-02,2022-03-30,
"Jaya Pratama, M.Keb",4,1,M,1991-09-07,2020-03-28,
"S.Kep, Lukas Wijaya",3,1,M,1977-01-20,2001-01-28,
"Rina Siregar, S.Kep",3,1,F,1974-03-24,1996-07-15,
"M.KM, Mira Prasetyo",16,2,F,1988-10-18,2016-04-18,
"S.Kep, Purwanto Wijaya",3,1,M,1989-02-11,2021-09-22,
"Linda Budiman, S.Tr.ELM",6,1,F,1992-09-18,2016-08-28,2017-01-06
Candra Wibowo,19,2,M,1987-07-12,2020-06-15,
"Dedi Wijayanto, drg. Sp.Ort",2,1,M,1972-08-07,2003-01-08,
"A.Md.Kep, Novita Utomo",3,1,F,1995-02-21,2020-05-04,
Nadia Sitompul,20,2,F,1971-04-09,2001-12-21,
"Dra., Mega Utomo",13,2,F,1985-02-05,2017-08-15,
"Bella Hutapea, S.Kom",15,2,F,1992-12-19,2016-10-21,
Hendra Wijayanto,19,2,M,1986-06-25,2023-02-27,
"Drs., Indra Simbolon",13,2,M,1971-11-20,2007-07-18,
Hesti Hartono,20,2,F,1978-07-12,2015-11-29,
"S.Kep, Ningsih Maulana",3,1,F,1975-09-24,2012-05-05,
Yanto Setiawan,22,2,M,1983-04-11,2002-10-15,
"Maya Simanjuntak, Sp.Kep",3,1,F,1968-07-24,1992-09-03,
"Rudi Permana, MBBS",1,1,M,1981-09-27,1999-01-23,
Joko Panjaitan,11,1,M,1985-04-07,2024-07-12,2025-06-13
"S.Ked, Fajar Simbolon",1,1,M,1979-09-03,2018-01-03,
"M.Kep, Linda Kusuma",3,1,F,1977-12-03,2002-11-07,
Taufik Priyanto,5,1,M,1981-01-16,2008-04-08,
"Apt., Linda Malik",9,1,F,1968-06-12,1987-12-19,
"Widya Hakim, SST",4,1,F,1992-06-20,2020-05-13,
Vina Purwanto,21,2,F,1997-07-24,2020-10-23,
"Fitri Sinaga, M.Keb",4,1,F,2002-08-18,2024-12-23,
Hesti Wijayanto,3,1,F,1986-04-05,2011-07-03,
"Mira Saputra, M.M",13,2,F,1993-04-23,2024-02-23,
Sari Pratama,12,1,F,1991-06-12,2012-09-27,
"Usman Utomo, A.Md.Kes",21,2,M,1998-01-08,2025-10-19,
"Kurniawan Lubis, S.Adm",17,2,M,1990-09-04,2013-09-04,
"Yuliana Hartono, MBBS",1,1,F,1995-09-06,2023-01-17,
Sri Suprapto,20,2,F,1972-04-27,2011-10-05,
Jaya Sinaga,3,1,M,1966-06-14,1986-02-09,
"S.Kep, Anisa Panjaitan",3,1,F,1986-06-09,2013-08-09,2015-12-12
"Tuti Wijaya, M.T",13,2,F,1987-07-03,2014-04-22,
"M.T, Lukman Wibowo",13,2,M,1981-10-20,2005-03-28,
"M.Ked, Bambang Prabowo",1,1,M,1992-11-21,2022-07-28,
Nugroho Setiawan,12,1,M,1994-10-08,2016-10-04,
Ratna Hidayat,3,1,F,1992-08-25,2012-07-27,
"Dimas Widodo, S.Sos",17,2,M,1992-12-30,2016-08-05,
"Yoga Suryanto, M.Kep",3,1,M,1992-11-30,2024-04-05,
"Teguh Tampubolon, A.Md.Keb",4,1,M,1976-03-25,2007-11-26,
"Purwanto Widodo, M.Kom",15,2,M,1986-07-27,2020-08-25,
"Wati Setiadi, S.Farm",9,1,F,1997-09-09,2025-06-25,
"S.T, Putri Setiadi",13,2,F,2000-11-05,2019-08-13,
"Wahyu Gunawan, drg. Sp.BM",2,1,M,1970-08-01,2010-03-03,2019-01-31
"Diah Sitompul, S.Adm",17,2,F,1967-08-15,1994-01-28,
"dr. Sp.F, Ningsih Maulana",2,1,F,1995-05-08,2021-01-24,
"Retno Hutapea, Dr.",3,1,F,2003-10-30,2023-02-16,
"S.Sos, Fani Pasaribu",17,2,F,1977-11-28,2005-04-08,
Kurniawan Simbolon,5,1,M,1974-05-12,1995-05-29,
"Sri Hidayat, Dr.",3,1,F,1980-05-22,1998-05-03,
"Silvi Pratama, Ak.",18,2,F,1986-12-14,2025-02-16,
Budi Pratama,19,2,M,1978-06-09,2006-11-14,
"Nugroho Wijayanto, M.M",13,2,M,1983-08-01,2005-08-07,
"Gunawan Hermawan, A.Md.Kep",3,1,M,1997-09-16,2019-11-29,2024-05-04
"M.M, Linda Panjaitan",18,2,F,1970-12-27,1994-01-08,
"Ade Purwanto, Sp.Farm",9,1,M,1985-02-27,2016-12-14,
Widya Panjaitan,4,1,F,1987-01-06,2017-02-26,
"S.KM, Rudi Putra",16,2,M,1995-10-24,2016-06-10,2021-09-21
"Mira Putra, Apt.",9,1,F,2001-02-21,2019-01-26,
"MD, Nanang Nugroho",1,1,M,1974-05-17,2012-10-16,
Oki Santoso,5,1,M,1982-10-05,2004-03-08,
Purwanto Tampubolon,24,2,M,1987-09-11,2010-09-15,
"A.Md.AK, Zara Kurniawan",8,1,F,1978-08-26,2012-05-03,
Hesti Priyanto,19,2,F,1988-12-10,2010-06-03,
"M.Kep, Ningsih Kurniawan",3,1,F,1998-11-28,2017-07-14,
Endah Siahaan,4,1,F,1998-01-12,2016-04-24,
"A.Md, Wawan Pasaribu",17,2,M,1997-01-11,2016-06-29,
Joko Widodo,20,2,M,1965-05-20,1988-12-11,
"Widya Manurung, M.Ked",1,1,F,1968-11-12,1993-05-15,
"MD, Lukas Setiadi",1,1,M,1965-05-10,1993-10-11,
"A.Md.Kes, Vina Wijayanto",8,1,F,1987-12-31,2008-08-27,
"Rini Malik, Ners",3,1,F,1975-01-16,2000-09-08,
"A.Md.RMIK, Dewi Purwanto",16,2,F,1967-07-09,1993-11-13,
"S.Tr.Kes, Dewi Maulana",8,1,F,2003-12-18,2022-12-31,
"M.Kep, Rahmat Hakim",3,1,M,1995-10-01,2023-12-19,
Puspita Suryanto,17,2,F,1991-03-07,2013-01-10,
"Widya Kusuma, dr. Sp.JP",2,1,F,1972-10-26,1992-04-09,
Vina Rahman,11,1,F,1985-01-12,2023-10-08,
"Zara Firmansyah, A.Md.RMIK",16,2,F,1987-05-22,2009-07-29,
"S.E, Gunawan Maulana",18,2,M,1971-02-04,1990-11-01,
"M.M, Puspita Hakim",13,2,F,1985-01-24,2010-05-16,
"Budi Hermawan, MARS",13,2,M,1976-09-06,2010-07-08,
"SST, Linda Maulana",4,1,F,1990-03-07,2017-07-06,
"Prasetyo Malik, S.Adm",17,2,M,1967-12-22,1994-03-14,
"Elia Sinaga, S.Kep",3,1,F,1992-10-14,2011-01-26,
"Bella Santoso, MD",1,1,F,1984-02-09,2003-09-17,
"Apt., Mahendra Hartono",9,1,M,1993-10-31,2024-06-17,
"Endah Hartono, S.Kes",5,1,F,1967-04-29,1987-12-25,
"S.T, Rina Santoso",15,2,F,1996-07-15,2017-07-18,
Zahra Nugroho,24,2,F,1998-08-04,2022-01-21,
"Zahra Putra, Bd.",4,1,F,1970-02-23,1994-04-28,
"Rini Utomo, M.Kes",5,1,F,1992-09-14,2022-09-02,
"A.Md.Kep, Mira Hutabarat",3,1,F,1996-12-09,2015-07-14,
Susilo Hermawan,5,1,M,1997-01-13,2015-02-18,
"Bayu Rahman, A.Md.Rad",7,1,M,1972-07-11,1997-10-30,
"Mira Pasaribu, M.M",17,2,F,1983-03-23,2005-05-23,
"Mega Siahaan, A.Md.Keb",4,1,F,2003-11-10,2025-04-30,
"MBA, Bayu Wijaya",13,2,M,1971-03-24,2005-12-10,
"Eko Sari, A.Md.Kep",3,1,M,1968-05-29,1999-05-04,
"Nadia Raharjo, A.Md.Kes",12,1,F,1998-04-01,2018-06-21,
"Silvi Sitompul, S.Adm",17,2,F,1970-04-23,2004-03-31,
Anisa Widodo,20,2,F,1981-04-20,2016-08-15,
"A.Md.Kes, Citra Simanjuntak",21,2,F,1994-02-01,2024-09-10,
Firmansyah Permana,19,2,M,1965-11-12,1998-06-15,
Indah Widodo,11,1,F,1971-07-28,1995-10-18,
"Ners, Hadi Sitompul",3,1,M,1967-07-27,1993-12-16,
"Tiara Utomo, S.Farm",9,1,F,1969-10-07,2009-05-25,
Linda Sitompul,23,2,F,1977-08-23,2013-02-24,
"Dr., Wulan Simbolon",3,1,F,1985-09-30,2005-01-24,
"S.Tr.Kes, Hadi Setiawan",21,2,M,1992-03-15,2020-10-17,
"S.E, Intan Widodo",17,2,F,1975-02-15,2013-11-01,
"dr., Linda Rahman",1,1,F,2003-07-28,2022-05-09,
Maya Saputra,8,1,F,1977-08-19,2001-04-21,
"M.Ak, Susilo Permana",18,2,M,1967-12-16,2005-07-22,
Purwanto Sari,22,2,M,2003-05-23,2022-02-24,
Lukman Panjaitan,20,2,M,1982-07-31,2015-07-14,
Sri Saputra,3,1,F,1998-02-10,2020-09-14,
"Indra Saputra, S.Kom",15,2,M,1995-09-26,2018-08-17,
"Rina Santoso, A.Md.AK",8,1,F,1973-12-25,2007-03-10,
Tri Priyanto,3,1,F,1997-05-09,2022-07-21,2023-12-09
"Mahendra Prabowo, S.Kep",3,1,M,1975-11-08,2009-04-20,
"M.KM, Rini Permana",14,2,F,1979-10-11,2014-01-31,
"S.Kep, Widya Gunawan",3,1,F,2000-05-08,2019-09-24,
"M.M, Zara Hutapea",18,2,F,1982-10-27,2006-02-27,
"Intan Gunawan, Sp.Kep",3,1,F,1971-04-23,2004-08-09,
"S.Tr.RMIK, Mega Simanjuntak",16,2,F,1991-08-04,2017-10-16,
Lina Hermawan,1,1,F,1986-07-01,2019-12-21,
"S.Kep, Dewi Simbolon",3,1,F,1984-02-12,2018-05-05,
"M.Kes, Tuti Suprapto",5,1,F,1976-05-04,2003-12-11,
"Ners, Widya Maulana",3,1,F,1997-03-23,2017-08-12,
"Yanti Hermawan, S.E",17,2,F,1965-08-01,1984-12-30,
Linda Permana,20,2,F,1999-06-23,2019-10-17,
"S.Ked, Tri Wijayanto",1,1,F,1966-01-03,2005-10-30,
Prasetyo Sitompul,10,1,M,1965-05-23,1984-06-29,
"A.Md, Indah Tampubolon",17,2,F,1967-11-24,1989-09-19,
"Silvi Hutapea, M.Kep",3,1,F,1990-12-19,2015-12-26,
Rini Wijaya,3,1,F,1968-02-03,2001-08-25,
"Joko Malik, S.Sos",17,2,M,1966-10-30,1991-08-10,
Vera Gunawan,3,1,F,1995-10-13,2020-05-01,
Anisa Budiman,20,2,F,2003-09-04,2021-08-22,
"Yuni Simbolon, Sp.Kep",3,1,F,1992-02-12,2018-01-26,
"Budi Susanto, CA",18,2,M,1992-09-02,2017-06-20,
"Hesti Malik, M.Gz",11,1,F,1971-01-20,2002-06-18,
"Rudi Susanto, S.Tr.ELM",6,1,M,1976-07-19,2004-09-08,
"Diah Permana, Sp.Kep",3,1,F,1975-10-13,1996-11-18,
Budi Malik,3,1,M,1983-01-23,2017-06-29,
"M.Kep, Citra Setiadi",3,1,F,1975-11-27,2011-09-26,
"Irfan Suryanto, dr. Sp.S",2,1,M,1973-06-04,1998-10-13,
"Bella Manurung, Sp.Kep",3,1,F,1969-02-12,2007-06-17,
"Ners, Made Siregar",3,1,M,1967-04-19,1991-06-10,
Sari Kurniawan,4,1,F,1972-07-28,2011-02-05,
"Yuliana Prabowo, M.Adm.Kes",13,2,F,1981-02-19,2018-01-22,
"A.Md.Kep, Zahra Nasution",3,1,F,1979-06-11,1997-04-13,
"Dra., Ahmad Setiadi",13,2,M,2003-03-02,2025-12-20,
Dwi Maulana,17,2,M,2003-06-03,2022-04-23,
"drg. Sp.Ort, Indra Hutabarat",2,1,M,1999-05-14,2017-08-29,
Intan Wijayanto,3,1,F,1967-07-14,1986-03-02,
"M.Kep, Citra Malik",3,1,F,1968-01-24,1998-12-03,
"Diah Budiman, S.E",17,2,F,1986-02-09,2004-07-30,
"S.Ft, Mahendra Firmansyah",10,1,M,1993-07-29,2022-04-26,
"M.M, Dedi Budiman",17,2,M,1980-02-02,1999-06-20,
"Susilo Simbolon, M.Kep",3,1,M,1986-08-17,2024-07-13,
"Sp.Farm, Citra Putra",9,1,F,1972-12-31,2002-09-15,
"drg. Sp.Perio, Irfan Rahman",2,1,M,1994-05-11,2022-07-05,
"MBBS, Fitri Purwanto",1,1,F,1994-10-24,2022-11-17,
Purwanto Hutapea,3,1,M,1997-01-22,2019-10-23,
"Yanti Tampubolon, CA",18,2,F,1973-04-30,2003-11-19,
Linda Hermawan,20,2,F,1997-07-21,2021-04-27,
"Dr., Jaya Tampubolon",1,1,M,1998-02-15,2023-02-11,2024-03-04
"Mira Pratama, M.Ft",10,1,F,1977-01-30,2017-10-18,
"Wati Panjaitan, MARS",13,2,F,1973-01-10,1995-07-05,
"Bambang Panjaitan, A.Md.ELM",6,1,M,1984-03-02,2016-07-28,
"Gilang Kusuma, M.Farm",9,1,M,2003-01-15,2025-04-02,
"Indra Rahman, A.Md.Keb",4,1,M,1968-04-11,1998-02-11,
"Diana Setiadi, S.Kes",14,2,F,1997-04-01,2017-12-10,
"Eko Susanto, SST",7,1,M,1986-11-19,2014-08-15,
"Wawan Malik, M.Biomed",8,1,M,1981-04-11,2015-01-22,
"Mega Siahaan, Dr.",3,1,F,1992-10-25,2017-10-16,
"Dr., Indra Simbolon",3,1,M,1965-05-26,1984-02-21,1995-06-20
"S.Adm, Joko Lubis",17,2,M,1975-09-24,2001-03-06,
"Dwi Maulana, MARS",13,2,M,1985-06-10,2008-04-09,
"Sri Purwanto, S.Kep",3,1,F,1980-06-28,2014-07-05,
Vina Gunawan,20,2,F,1980-01-10,2006-02-14,2014-04-29
"M.M, Rini Sinaga",13,2,F,1984-03-18,2020-11-29,
Yoga Simbolon,21,2,M,1981-01-13,2008-04-25,
"dr. Sp.RM, Ani Nasution",2,1,F,1996-02-29,2019-12-13,2025-09-01
"S.Adm.Kes, Yuni Priyanto",13,2,F,2002-11-05,2020-01-03,
Wati Hartono,1,1,F,1990-01-14,2018-03-10,
"dr. Sp.KJ, Vera Hartono",2,1,F,1986-07-02,2008-09-04,
"Novita Santoso, S.Kep",3,1,F,2002-10-10,2021-03-29,
Diah Priyanto,17,2,F,1982-07-06,2000-04-13,
"S.T, Wawan Kurniawan",24,2,M,1984-08-25,2024-07-04,
"Ningsih Purwanto, dr. Sp.KJ",2,1,F,1996-04-06,2025-07-25,
"Galih Putra, S.Keb",4,1,M,1972-09-07,2001-12-24,
Elia Tampubolon,14,2,F,2000-11-11,2020-12-21,
"Kusuma Situmorang, A.Md.AK",8,1,M,1985-04-16,2004-03-24,
"Haris Purwanto, M.Adm.Kes",13,2,M,1992-08-10,2014-03-04,2018-04-02
"Ners, Made Situmorang",3,1,M,1973-01-12,1999-08-12,
"dr. Sp.PK, Usman Nasution",2,1,M,1982-09-19,2004-01-08,
"Dr., Linda Hutapea",1,1,F,2003-09-04,2025-07-14,
"Ani Simanjuntak, Sp.Kep",3,1,F,1966-03-16,2000-05-01,
"M.M, Ratna Priyanto",17,2,F,2003-10-28,2025-11-03,
"Linda Raharjo, M.M",17,2,F,1998-12-04,2021-05-21,
Slamet Setiadi,19,2,M,1976-04-19,1996-08-08,
"Farhan Hutapea, S.Sos",17,2,M,1996-02-01,2025-07-29,
"Dr., Citra Rahman",3,1,F,1991-06-15,2011-06-16,
"Mega Setiadi, A.Md.Kes",21,2,F,2000-05-17,2018-06-06,
"Bd., Putri Siahaan",4,1,F,1970-08-14,2005-08-15,
Budi Hutabarat,23,2,M,1970-05-31,1991-12-05,
Wawan Lubis,7,1,M,1966-07-29,2004-12-30,
Ahmad Maulana,19,2,M,2003-02-17,2022-01-09,
"Iwan Widodo, A.Md.Kes",5,1,M,1979-03-15,2008-01-20,
"Ir., Fitri Tampubolon",13,2,F,1984-02-25,2006-10-27,
"Bella Budiman, Sp.Kep",3,1,F,1997-11-26,2023-03-27,
"ATLM, Prasetyo Nasution",12,1,M,1977-11-14,2008-05-16,
"Fani Sugiarto, dr. Sp.P",2,1,F,1975-04-22,2010-05-03,
"A.Md.Kep, Nanang Manurung",3,1,M,1976-12-02,2013-03-26,
Agus Setiadi,19,2,M,1966-02-05,1996-04-10,
Budi Hidayat,14,2,M,1996-10-09,2014-10-28,
"S.Gz, Ratna Permana",11,1,F,1976-06-20,2016-06-24,
Yuliana Prabowo,3,1,F,1973-12-11,1993-08-29,
"Sp.Kep, Teguh Prabowo",3,1,M,1987-10-01,2014-09-06,
"M.Kes, Galih Utomo",5,1,M,1986-04-03,2025-02-05,
"Firmansyah Kusuma, Sp.Kep",3,1,M,1983-12-26,2016-08-18,
Silvi Siregar,19,2,F,1967-05-15,2002-05-24,
"Indah Utomo, Ak.",18,2,F,1968-01-03,1999-10-20,2000-01-09
"MBA, Oki Suprapto",13,2,M,1994-02-10,2023-07-24,2025-01-07
Tri Wijayanto,19,2,F,1975-10-04,2004-10-18,
"Kusuma Simbolon, M.Keb",4,1,M,1996-06-23,2021-03-11,
"Elia Nugroho, Sp.Kep",3,1,F,1974-02-08,1997-09-26,
Ayu Hidayat,8,1,F,1984-07-30,2013-06-19,
"Bd., Prasetyo Lubis",4,1,M,1983-10-19,2009-07-25,
"Zahra Budiman, M.KM",16,2,F,2003-11-09,2023-07-24,
Farhan Rahman,17,2,M,1996-12-02,2022-06-14,
Vera Sugiarto,20,2,F,1991-03-04,2022-09-27,
Agus Sinaga,17,2,M,1997-12-27,2018-07-19,
"Kusuma Siahaan, Dr. dr. Sp.PD",2,1,M,1973-01-03,1998-08-26,
"Yuliana Hutapea, A.Md.Keb",4,1,F,1981-04-22,2021-08-14,
"M.Kep, Eko Panjaitan",3,1,M,2000-12-26,2020-08-28,
"S.E, Diana Kurniawan",13,2,F,1996-10-19,2024-11-05,
Farhan Wijayanto,10,1,M,1965-02-22,1984-08-18,
"M.K3, Putri Suryanto",25,2,F,1987-11-14,2024-09-04,2025-12-25
"Dr., Fani Purwanto",3,1,F,1985-07-28,2010-11-06,
"Citra Panjaitan, S.Tr.Kom",15,2,F,1997-07-20,2020-05-18,
"Mira Siregar, M.KM",16,2,F,2000-06-16,2024-10-19,
"Ratna Purwanto, Bd.",4,1,F,1992-12-22,2011-03-14,
"M.Kep, Bella Malik",3,1,F,1982-04-13,2017-09-23,
"Kartika Nasution, S.Si",8,1,F,1980-02-16,2014-06-17,
"Wahyu Sari, S.Kep",3,1,M,1992-11-26,2025-04-12,
Novita Prasetyo,21,2,F,1979-11-07,2004-12-20,
"Dimas Situmorang, M.Kom",15,2,M,2000-03-21,2022-01-28,
"Iwan Widodo, S.Ft",10,1,M,1970-07-26,2004-06-11,
Lukman Nugroho,21,2,M,1973-04-01,2002-06-21,
"Sinta Suryanto, S.Kep",3,1,F,1985-01-19,2022-05-19,2024-02-13
Susilo Rahman,19,2,M,1994-10-08,2021-11-28,
"Irfan Putra, S.Kes",5,1,M,1967-09-27,2007-02-02,
Silvi Hidayat,16,2,F,1985-09-26,2014-06-08,
"Puspita Suprapto, MD",1,1,F,1984-09-01,2021-06-27,
Cahyo Siregar,20,2,M,2000-05-06,2021-11-06,
"Ahmad Prabowo, M.Ak",18,2,M,1996-08-19,2021-08-03,
"M.Kep, Sri Maulana",3,1,F,1980-03-03,2019-12-29,
"Tiara Raharjo, dr.",1,1,F,2003-04-13,2023-11-06,2024-09-15
"Zara Hermawan, Sp.Kep",3,1,F,1983-01-30,2011-06-16,
"S.T, Joko Hartono",15,2,M,1976-05-31,2016-12-19,
"Indra Hakim, Ir.",13,2,M,1969-10-03,2000-05-17,
"Agus Siregar, M.T",15,2,M,1991-06-08,2011-09-20,
"S.Tr.Rad, Wulan Hartono",7,1,F,1971-08-18,2011-06-13,
"Haris Suprapto, S.Farm",9,1,M,1984-03-08,2013-06-08,
Hesti Gunawan,20,2,F,1972-03-26,2010-10-31,
"Nadia Siahaan, Dr.",3,1,F,1989-11-24,2016-04-30,
"M.KM, Gilang Hutabarat",16,2,M,1983-04-24,2020-12-03,
"Lukman Suryanto, S.T",24,2,M,1978-06-05,2001-01-25,
"A.Md.AK, Indah Kusuma",8,1,F,1990-12-22,2012-08-04,
"M.K3, Anisa Hartono",25,2,F,1974-04-19,1996-10-18,
"dr. Sp.KK, Kusuma Widodo",2,1,M,2003-03-27,2024-01-16,
"Made Sugiarto, A.Md.Kep",3,1,M,1983-10-23,2015-04-25,
"Cahyo Nasution, S.Ked",1,1,M,1968-12-25,1995-08-21,
"Sari Kurniawan, A.Md.Keb",4,1,F,1976-02-13,2009-04-07,
"A.Md, Silvi Hermawan",17,2,F,2000-05-09,2018-12-07,
"MARS, Fajar Maulana",14,2,M,1992-12-15,2014-01-04,
"Dr., Vera Wijayanto",3,1,F,1970-01-20,2004-08-27,
Kartika Rahman,23,2,F,1967-04-26,2007-11-17,2015-01-27
"S.Ked, Rahmat Setiawan",1,1,M,1971-02-28,1991-02-10,
"Nanang Saputra, S.Keb",4,1,M,1977-01-08,2004-07-27,
"S.Kep, Rini Wibowo",3,1,F,1977-03-24,2008-08-05,
"S.Tr.RMIK, Joko Rahman",16,2,M,1999-10-28,2024-09-04,2025-07-31
"M.Farm, Indra Malik",9,1,M,2002-09-23,2020-05-20,
"Dr., Ratna Nugroho",3,1,F,1997-08-26,2021-08-05,
"Tri Sugiarto, S.Kep",3,1,F,1970-11-25,2000-03-25,
Ani Permana,23,2,F,1974-08-11,1999-05-28,
"Diah Nasution, Sp.Kep",3,1,F,1996-01-01,2025-11-17,
"Zahra Tampubolon, S.Tr.Kom",15,2,F,1997-03-08,2022-03-15,
Yuni Pratama,1,1,F,1971-01-26,1997-04-02,2007-05-03
"Yanti Hidayat, M.Ked",1,1,F,1983-08-07,2013-05-26,
"M.Keb, Kartika Santoso",4,1,F,1998-07-20,2018-11-27,
"Taufik Simbolon, S.Ak",18,2,M,1968-09-18,1993-03-13,
"A.Md.T, Made Purwanto",24,2,M,1998-09-02,2023-05-14,
"MARS, Vina Sinaga",13,2,F,2003-08-24,2025-09-26,
"Dwi Priyanto, Sp.Farm",9,1,M,1991-09-12,2009-09-15,
Vina Santoso,20,2,F,1971-05-02,2011-09-16,
"Sp.Farm, Budi Raharjo",9,1,M,1969-10-07,2005-01-30,
"S.Kep, Maya Nasution",3,1,F,1984-08-16,2002-10-03,
"A.Md.Rad, Indra Nugroho",7,1,M,1966-02-26,2002-10-30,2016-04-04
"Retno Siregar, M.M",13,2,F,1973-12-14,2011-04-22,
Dwi Pasaribu,20,2,M,1990-04-02,2012-12-15,2018-08-14
"Dr., Prasetyo Prabowo",3,1,M,1982-09-10,2005-07-03,
"SST, Ningsih Setiadi",7,1,F,1981-02-24,1999-12-11,
"Vina Suryanto, M.M",17,2,F,2000-02-20,2019-03-20,
Made Budiman,22,2,M,1999-02-28,2018-05-29,
Hendra Hakim,19,2,M,1966-03-24,1988-03-30,
"Ak., Wulan Priyanto",18,2,F,1996-04-09,2023-11-26,
"Candra Sitompul, A.Md.AK",8,1,M,1970-10-06,1993-01-07,1995-04-11
"Ani Gunawan, S.Kep",3,1,F,1971-07-08,2008-07-03,
"Dr., Lestari Budiman",3,1,F,1999-02-11,2019-07-31,
"A.Md.AK, Mira Wijaya",8,1,F,1974-02-12,2005-06-30,
"M.Biomed, Diana Rahman",8,1,F,1998-11-25,2020-12-01,
Hendra Permana,24,2,M,1999-10-12,2018-07-25,
"Ners, Teguh Prabowo",3,1,M,1997-01-17,2018-12-24,
"S.E, Dwi Nugroho",17,2,M,1969-11-26,1992-05-23,
Ade Panjaitan,19,2,M,1985-12-16,2025-12-03,
"M.Kep, Sari Sari",3,1,F,1987-04-17,2005-06-11,
"Tiara Kurniawan, M.Kep",3,1,F,1974-01-31,1996-04-12,
"A.Md.Kes, Candra Firmansyah",5,1,M,1993-02-12,2025-12-23,
Dimas Setiawan,22,2,M,1975-12-25,1997-01-23,2000-04-04
Dwi Firmansyah,19,2,M,1968-10-01,1993-10-11,
"MBBS, Diana Situmorang",1,1,F,1969-05-01,2001-11-18,
Yanti Manurung,20,2,F,2001-02-23,2025-02-21,
"Ningsih Setiawan, M.M",18,2,F,1996-03-31,2017-10-04,
"dr. Sp.RM, Linda Suryanto",2,1,F,1965-07-04,1988-08-04,
"Fajar Saputra, A.Md.Rad",7,1,M,2003-11-27,2025-11-29,
Prasetyo Panjaitan,20,2,M,1982-02-15,2010-06-18,
"Ners, Irfan Kurniawan",3,1,M,1972-07-13,2000-01-07,
"M.Kep, Haris Tampubolon",3,1,M,1974-06-17,1993-02-07,
"Indah Sitompul, dr. Sp.PA",2,1,F,1998-05-28,2021-01-16,
"Citra Setiadi, Sp.Kep",3,1,F,1970-06-03,2008-12-08,2022-11-22
"M.KM, Wawan Wijaya",16,2,M,2003-01-19,2021-07-16,
Nanang Siahaan,3,1,M,1998-04-22,2023-11-19,2024-08-21
"dr., Ani Wijayanto",1,1,F,2000-08-18,2019-04-13,
"Dimas Siregar, Sp.Farm",9,1,M,1971-06-28,1990-10-25,
"Retno Lubis, CA",18,2,F,1984-12-30,2015-05-16,
"S.Kes, Citra Susanto",14,2,F,1997-09-10,2023-03-17,
Lestari Budiman,20,2,F,1986-06-26,2012-11-29,
"M.KM, Gilang Kusuma",16,2,M,1970-05-29,2003-08-08,
"Wawan Hartono, SST",7,1,M,1972-05-01,1998-06-15,
Rina Maulana,18,2,F,1973-05-04,2001-09-24,
"Prasetyo Sinaga, Dr.",1,1,M,1983-05-30,2007-07-20,
"Ners, Rina Maulana",3,1,F,1987-02-07,2021-07-28,
"S.Sos, Nugroho Firmansyah",17,2,M,1966-08-22,1992-12-14,
"Ade Putra, S.Ft",10,1,M,1968-09-08,1991-05-24,
"A.Md, Usman Suryanto",17,2,M,1966-09-20,1984-07-19,1990-10-06
"S.KM, Slamet Hakim",14,2,M,1977-11-24,2012-12-10,
Vera Putra,19,2,F,1969-10-03,1987-09-28,
"Sp.Kep, Wati Nasution",3,1,F,1994-11-26,2017-06-23,
"Candra Simanjuntak, dr. Sp.P",2,1,M,1976-02-29,2002-05-18,
"S.Kes, Nanang Sugiarto",5,1,M,1977-08-28,2001-03-09,
"S.E, Candra Rahman",17,2,M,2001-04-26,2023-09-07,
Nugroho Wibowo,10,1,M,1985-03-14,2015-01-23,
"Dimas Priyanto, A.Md.Kep",3,1,M,1986-07-26,2007-07-17,
"Intan Lubis, S.Kes",5,1,F,1993-05-30,2011-05-16,
Diana Wijaya,23,2,F,1988-03-17,2013-05-15,
"Irfan Maulana, Dr.",3,1,M,1985-05-09,2003-06-06,
Ayu Saputra,6,1,F,1991-12-28,2019-09-20,
"Yuni Siregar, S.Tr.RMIK",16,2,F,1968-07-03,1999-04-28,
Prasetyo Nasution,20,2,M,1974-02-08,2004-01-20,
Ade Widodo,20,2,M,1990-12-05,2012-03-17,
"Dr., Ningsih Gunawan",3,1,F,1990-04-03,2015-08-05,
Linda Utomo,17,2,F,1995-11-06,2023-03-04,
"Prasetyo Hutabarat, S.Farm",9,1,M,1994-11-12,2025-09-19,
"M.Kep, Usman Santoso",3,1,M,1995-11-23,2018-04-25,2024-08-22
"Cahyo Sugiarto, MBBS",1,1,M,1966-09-18,1993-02-09,
"Intan Wibowo, S.Sos",17,2,F,1969-09-26,1994-03-12,
Sri Setiawan,6,1,F,1998-10-04,2022-07-01,
Hesti Setiadi,20,2,F,1985-02-23,2018-12-29,
"Ners, Bella Gunawan",3,1,F,1992-05-02,2013-08-20,2024-07-06
"Sp.Kep, Sri Prabowo",3,1,F,1968-04-07,1995-04-27,
Maya Hartono,20,2,F,1991-08-30,2009-11-14,
"S.Tr.Kes, Silvi Widodo",21,2,F,1975-11-23,1995-05-20,2011-05-18
"Yuliana Nasution, Ners",3,1,F,1985-12-28,2010-04-25,
"Dimas Prasetyo, A.Md.Kom",15,2,M,2000-04-23,2023-01-24,
"Sari Putra, MD",1,1,F,2001-08-25,2025-03-02,
"Retno Rahman, S.Kep",3,1,F,1992-05-09,2010-07-28,
"A.Md.Rad, Mahendra Hutapea",7,1,M,1974-07-20,1999-06-28,
"Ners, Silvi Panjaitan",3,1,F,1974-10-06,2006-07-02,
Tiara Hidayat,4,1,F,1981-03-06,2006-07-22,2021-02-20
Diana Sari,20,2,F,1986-03-19,2022-10-27,
"Susilo Panjaitan, Ners",3,1,M,1990-01-17,2019-03-14,
"dr. Sp.KK, Yuliana Situmorang",2,1,F,1984-12-31,2005-08-11,
"Wulan Sari, M.Ked",1,1,F,1966-12-24,2001-01-29,
"Indah Susanto, M.KM",14,2,F,1995-11-26,2015-02-21,
Lestari Pasaribu,3,1,F,1996-08-25,2015-01-22,
"M.Adm.Kes, Nadia Tampubolon",13,2,F,1967-06-19,2005-03-28,
"A.Md.RMIK, Oki Prabowo",16,2,M,1993-12-16,2012-06-02,
"M.Farm, Maya Widodo",9,1,F,1967-11-18,1997-01-30,
Zainal Sari,8,1,M,1985-01-28,2020-06-14,
"M.Ked, Hadi Permana",1,1,M,1972-01-14,2001-07-06,
"M.Kep, Yuni Wijaya",3,1,F,1965-02-15,1997-06-28,
"A.Md.Kom, Nanang Sari",15,2,M,1975-10-29,2013-04-23,
"A.Md.Kes, Kusuma Suryanto",21,2,M,1980-03-05,2016-12-23,
Silvi Hermawan,5,1,F,1965-10-04,1988-03-13,
"Farhan Hidayat, dr.",1,1,M,1998-01-24,2018-05-27,2025-06-08
"S.Kep, Diah Sitompul",3,1,F,1976-11-22,2009-06-17,
"S.Kep, Fajar Malik",3,1,M,1995-04-30,2016-10-28,
"Dr. dr. Sp.PD, Rina Siahaan",2,1,F,1985-04-25,2013-08-21,
"M.Ft, Hendra Simbolon",10,1,M,1974-01-28,1999-03-28,
"A.Md.Kep, Diah Manurung",3,1,F,1969-03-18,2000-09-04,
"dr. Sp.Rad, Ayu Simanjuntak",2,1,F,1965-02-07,1998-09-13,
"A.Md.Keb, Usman Hutapea",4,1,M,1994-04-19,2024-11-25,
"S.Kep, Silvi Santoso",3,1,F,1982-05-15,2013-04-11,
"A.Md.Kep, Linda Purwanto",3,1,F,1976-12-15,2003-02-23,
"A.Md.Kep, Vina Sugiarto",3,1,F,1987-06-09,2009-05-11,
"Dimas Simbolon, S.Adm",17,2,M,1990-08-24,2013-03-31,
"Tiara Sitompul, M.Kep",3,1,F,2003-05-06,2024-05-16,
Putri Wijaya,20,2,F,1968-05-08,2005-01-23,
"Tri Kusuma, Ners",3,1,F,1978-04-10,2003-04-10,
"Rina Hartono, dr. Sp.M",2,1,F,1980-02-03,2020-02-01,
Budi Manurung,19,2,M,1968-07-08,1994-09-15,
"Elia Hutabarat, M.Keb",4,1,F,1986-01-13,2011-02-25,
Oki Permana,19,2,M,1974-03-02,2012-06-25,
Ratna Prabowo,3,1,F,1975-06-16,2000-08-23,
"Rina Widodo, RD",11,1,F,1993-08-04,2025-09-20,
"Teguh Wibowo, S.T",24,2,M,1988-03-30,2006-05-13,
"Gunawan Widodo, Prof. Dr. dr. Sp.A",2,1,M,2002-07-27,2023-01-22,
"Iwan Panjaitan, S.Kep",3,1,M,2000-02-07,2022-08-31,
"Bella Malik, dr. Sp.BP",2,1,F,1993-11-20,2013-05-19,
"Farhan Hutabarat, dr.",1,1,M,1998-03-03,2017-04-06,
"Bella Manurung, M.Kep",3,1,F,1970-09-07,2009-11-08,
"S.Kep, Zara Situmorang",3,1,F,1996-03-24,2018-05-04,
"Teguh Saputra, A.Md.T",24,2,M,1980-10-24,1999-01-19,
"Anisa Gunawan, S.Keb",4,1,F,1973-05-02,2004-12-30,
Firmansyah Sitompul,23,2,M,2003-06-18,2025-03-18,
"M.Kep, Diah Hutapea",3,1,F,1990-01-11,2013-05-15,
"Kartika Setiadi, A.Md.ELM",6,1,F,1990-02-18,2022-05-08,
"S.Kom, Agus Sitompul",15,2,M,1974-05-11,2012-08-31,
"Nadia Pratama, A.Md.Kes",12,1,F,1992-12-28,2017-09-19,2023-01-09
Zahra Hartono,8,1,F,1970-05-12,1999-02-22,
Hesti Setiawan,23,2,F,1987-09-17,2006-05-08,
"Wati Malik, MARS",13,2,F,1985-10-16,2014-07-30,
"Retno Wibowo, Sp.Kep",3,1,F,1971-06-27,2006-09-12,2009-09-25
"S.T, Lukas Malik",13,2,M,1965-02-24,1997-09-08,
"Bambang Siregar, S.Tr.Kes",8,1,M,1968-10-01,2003-06-28,
"Citra Susanto, S.Keb",4,1,F,1992-08-05,2023-03-31,
"Prasetyo Sitompul, S.Kom",15,2,M,1998-09-01,2024-12-22,
"M.Ked, Putri Sugiarto",1,1,F,1992-05-11,2021-07-24,
"dr. Sp.P, Wulan Susanto",2,1,F,1972-04-11,1994-11-26,
"Mega Kusuma, S.KM",14,2,F,2001-04-19,2023-08-09,
"S.Ft, Fitri Raharjo",10,1,F,2001-01-07,2020-02-27,
"Sp.Farm, Dewi Utomo",9,1,F,1978-06-24,2009-05-22,
"Wati Saputra, M.Kep",3,1,F,2002-11-27,2020-08-07,
Ani Putra,4,1,F,1970-04-09,1991-07-17,
Wahyu Kurniawan,19,2,M,1999-01-24,2022-09-30,
"Vina Sinaga, Dr.",3,1,F,2000-10-15,2022-04-25,
Bayu Putra,10,1,M,2001-12-21,2020-06-18,
"S.KM, Dwi Suprapto",16,2,M,1998-04-26,2025-05-14,
"Sp.Kep, Mira Malik",3,1,F,2000-08-03,2023-02-13,
"Iwan Hermawan, M.Kes",5,1,M,1973-07-21,2011-05-31,
Nanang Pasaribu,22,2,M,1988-08-04,2022-06-10,
"dr., Gilang Prabowo",1,1,M,1983-01-29,2022-05-21,
"Tri Situmorang, S.Kes",5,1,F,1967-07-24,2006-07-28,
"SST, Yuni Kusuma",4,1,F,1985-08-23,2005-09-13,
"Hadi Hermawan, S.Ak",18,2,M,1973-06-14,1993-08-02,
"Sri Siahaan, S.Adm",17,2,F,1985-12-23,2024-04-12,
"S.E, Zulkifli Santoso",13,2,M,1972-11-03,2007-11-01,
"Silvi Kurniawan, S.T",13,2,F,1997-05-24,2024-01-06,
"Diana Prasetyo, Pharm.D",9,1,F,1995-09-13,2014-11-28,
"Farhan Pasaribu, S.Tr.Kom",15,2,M,1992-05-01,2010-06-24,
"Slamet Simbolon, A.Md.Kes",5,1,M,1997-10-01,2017-12-22,
"dr., Vera Setiawan",1,1,F,1997-02-25,2020-05-02,
"Ners, Galih Tampubolon",3,1,M,1971-01-21,2010-10-04,
"A.Md.AK, Yuliana Pratama",8,1,F,1987-11-24,2025-03-24,
Kartika Saputra,5,1,F,1975-09-26,2002-11-20,
"Gunawan Prasetyo, dr. Sp.RM",2,1,M,1996-09-22,2016-10-04,
"Rudi Priyanto, dr. Sp.PK",2,1,M,2002-05-06,2022-12-12,
"M.Kep, Susilo Putra",3,1,M,1999-05-10,2020-04-23,
Linda Pratama,3,1,F,1968-06-14,1988-06-25,
"Endah Santoso, MBBS",1,1,F,1977-02-14,2017-06-15,
"drg. Sp.BM, Nugroho Wijayanto",2,1,M,1996-03-09,2019-07-03,
"A.Md.Kep, Tuti Situmorang",3,1,F,1969-08-28,1993-05-06,
Prasetyo Utomo,9,1,M,1969-05-21,2001-06-05,
"Hesti Pasaribu, S.Keb",4,1,F,1979-02-27,2017-01-15,2024-01-24
Gunawan Pasaribu,19,2,M,1967-06-28,1985-06-06,
"Puspita Nasution, Dr.",3,1,F,1990-12-10,2018-06-04,
Sari Sitompul,18,2,F,1975-06-04,2004-04-25,2014-10-29
"Ade Widodo, M.M",18,2,M,1986-12-31,2011-03-09,
Agus Kusuma,5,1,M,1997-04-14,2022-07-12,
Irfan Sari,19,2,M,1972-04-05,2002-03-07,
"Lukas Sitompul, Dr.",1,1,M,1995-06-23,2021-01-13,2025-05-22
"Sri Gunawan, S.Tr.Kes",21,2,F,1978-06-02,2000-05-13,
"M.Ked, Zulkifli Siahaan",1,1,M,1989-05-02,2008-02-03,
Sri Maulana,21,2,F,2001-08-27,2022-05-03,
"S.E, Maya Santoso",17,2,F,2003-11-15,2024-09-04,
"Kurniawan Rahman, M.Kes",5,1,M,1988-11-23,2015-11-25,
"Lina Sitompul, S.Ked",1,1,F,1996-01-30,2018-03-31,
"Cahyo Nasution, Dr.",1,1,M,1989-06-15,2014-09-15,
Rina Susanto,20,2,F,1994-05-02,2018-12-23,
"Rina Pasaribu, S.T",13,2,F,1992-02-18,2010-05-29,
"Jaya Budiman, M.M",17,2,M,2001-03-23,2019-05-16,
Mega Panjaitan,19,2,F,1979-01-14,2012-09-15,2018-09-22
"Usman Wijaya, A.Md",17,2,M,1972-07-01,2002-11-28,2020-08-29
"Farhan Hakim, Dr.",3,1,M,1985-03-25,2012-01-25,
Lina Saputra,17,2,F,2001-06-18,2021-11-26,
"S.E, Wahyu Nasution",18,2,M,1973-10-24,2011-07-29,
"S.Kes, Zulkifli Simbolon",5,1,M,2000-08-14,2020-03-09,2025-11-27
"Hesti Pratama, Ners",3,1,F,2002-03-17,2025-03-19,
Farhan Lubis,9,1,M,1985-08-14,2020-03-02,
"Lukas Hartono, S.KM",25,2,M,1991-11-21,2021-08-09,
Budi Setiadi,20,2,M,2002-10-24,2022-04-12,
"Ningsih Malik, dr. Sp.B",2,1,F,1990-01-12,2017-02-14,
Endah Siahaan,20,2,F,2003-02-20,2025-10-18,
"Widya Prasetyo, S.Kes",14,2,F,2001-12-15,2019-11-11,
"S.T, Yuni Simanjuntak",13,2,F,1982-11-02,2004-03-13,
"MBA, Zainal Pratama",13,2,M,1970-08-02,1996-05-25,
Ahmad Permana,14,2,M,1997-07-09,2022-02-17,
"S.Sos, Ani Manurung",17,2,F,1991-07-28,2012-03-05,
"dr. Sp.U, Yanto Prasetyo",2,1,M,1989-11-07,2023-09-28,
"S.T, Nanang Nasution",15,2,M,1981-08-09,2003-09-28,2023-04-11
"Sp.Kep, Lukas Hartono",3,1,M,1980-06-16,2013-11-14,
"A.Md.Kep, Nadia Gunawan",3,1,F,1976-01-23,1996-10-22,
"Maya Tampubolon, Bd.",4,1,F,1984-11-13,2004-12-18,
"M.Biomed, Ani Priyanto",8,1,F,1978-06-14,1997-11-09,
"Teguh Manurung, S.Ft",10,1,M,1967-10-19,1990-09-09,
"A.Md.T, Yoga Santoso",24,2,M,1986-01-31,2012-07-29,
Retno Panjaitan,12,1,F,1969-12-18,1994-02-12,
"S.Kom, Rudi Nasution",15,2,M,2003-04-27,2023-06-23,
"M.Keb, Elia Nasution",4,1,F,1967-01-17,1995-03-19,
Yanto Hartono,20,2,M,1969-12-07,1992-08-25,
"Dimas Firmansyah, A.Md.Kes",5,1,M,1965-03-19,1995-02-08,
"Fitri Sinaga, S.E",13,2,F,1980-02-17,2015-05-21,
"Wati Raharjo, A.Md",17,2,F,1993-08-24,2019-02-22,
"Ratna Maulana, SST",4,1,F,1970-12-23,1998-10-12,
"S.Tr.RMIK, Zahra Purwanto",16,2,F,1970-11-25,1995-12-10,
"S.Keb, Retno Firmansyah",4,1,F,1999-04-20,2024-10-06,2025-01-29
"Anisa Budiman, S.Kep",3,1,F,1971-07-05,1996-02-02,
"dr. Sp.JP, Hendra Suprapto",2,1,M,1979-05-25,2004-10-22,
Yanti Prasetyo,3,1,F,1986-06-28,2008-09-28,
"Yanto Rahman, S.Sos",17,2,M,1980-02-05,2002-12-13,
Mira Widodo,3,1,F,1981-03-17,2011-05-25,
"Nadia Simbolon, S.T",15,2,F,1974-09-25,1992-10-05,
"Anisa Priyanto, Pharm.D",9,1,F,1981-08-31,2009-05-04,
"Hendra Hermawan, M.Kep",3,1,M,1983-11-06,2006-10-04,
"Ak., Prasetyo Permana",18,2,M,1978-08-25,2018-07-04,
Endah Widodo,20,2,F,1984-04-24,2024-07-13,
"Drs., Rudi Hartono",13,2,M,1971-09-07,1995-12-19,
"RD, Mahendra Budiman",11,1,M,1997-04-04,2017-06-22,
Tiara Pasaribu,17,2,F,1972-05-15,1998-09-18,
"Ratna Panjaitan, dr.",1,1,F,1977-12-24,2011-06-01,
Taufik Sugiarto,20,2,M,1998-04-01,2025-07-30,
"A.Md.Kep, Rina Tampubolon",3,1,F,1993-01-31,2023-05-31,
"Dimas Setiawan, A.Md.RMIK",16,2,M,1997-09-23,2019-03-16,
Nugroho Saputra,3,1,M,1998-03-26,2018-07-15,
"Zulkifli Wijaya, S.Kes",5,1,M,1998-12-29,2023-10-07,
"S.Si, Taufik Hartono",8,1,M,1992-10-31,2011-09-29,
"S.Kep, Sari Hermawan",3,1,F,1991-03-10,2020-01-05,
Farhan Situmorang,20,2,M,1988-02-04,2006-09-03,
"Mira Kusuma, SST",4,1,F,1974-12-07,2014-07-03,
"MARS, Zulkifli Purwanto",14,2,M,1990-04-27,2025-04-28,
"Iwan Sitompul, dr. Sp.RM",2,1,M,1976-05-29,2000-03-27,
"Fajar Malik, A.Md.Kep",3,1,M,1982-07-05,2007-10-06,2019-03-07
Purwanto Hidayat,19,2,M,2001-02-21,2022-04-03,
"M.T, Haris Setiadi",13,2,M,1974-10-06,1999-04-23,
"Iwan Manurung, A.Md.Kes",5,1,M,2000-04-10,2018-12-14,
Susilo Kusuma,20,2,M,1987-05-05,2014-05-30,
"M.Biomed, Lukas Permana",8,1,M,1997-04-21,2015-08-28,
"S.Tr.Kes, Jaya Kusuma",12,1,M,1972-04-01,1998-10-06,
"S.Kep, Indah Pratama",3,1,F,1980-03-08,2017-09-13,
Purwanto Hidayat,22,2,M,1973-07-03,1995-05-23,
"S.Tr.ELM, Farhan Manurung",6,1,M,2000-04-23,2021-10-09,
Tri Simanjuntak,20,2,F,1968-09-07,1996-06-05,
"Pharm.D, Tiara Permana",9,1,F,1989-01-28,2023-11-11,
"M.KM, Fitri Pasaribu",14,2,F,1984-10-15,2006-12-31,2019-01-16
"S.Kep, Wati Purwanto",3,1,F,1977-01-02,2010-04-06,
"Anisa Prasetyo, A.Md.Kep",3,1,F,2002-01-20,2022-05-25,
"Ners, Puspita Sinaga",3,1,F,1986-03-24,2014-04-12,
"M.Kep, Teguh Widodo",3,1,M,1984-04-13,2002-02-27,
"Anisa Nasution, A.Md.Kep",3,1,F,1991-02-02,2011-01-22,
"Kartika Widodo, Dr.",3,1,F,1976-06-01,2016-07-11,
Nur Wijaya,4,1,F,2000-11-08,2020-07-15,
Sri Kusuma,20,2,F,1991-05-28,2017-11-11,
"Ratna Lubis, S.Ak",18,2,F,1988-10-20,2019-05-13,
Elia Rahman,20,2,F,1969-01-23,1991-03-12,1995-08-09
Citra Kusuma,8,1,F,1976-04-21,2011-04-17,
"M.M, Gunawan Widodo",17,2,M,1977-12-16,2017-12-10,
"Puspita Hutabarat, S.Gz",11,1,F,2003-12-10,2023-01-31,
"Anisa Kurniawan, S.Adm",17,2,F,1999-09-26,2019-10-21,
"Dr., Maya Manurung",3,1,F,1972-03-15,2010-08-31,2016-01-01
"Novita Rahman, S.Kep",3,1,F,1991-12-30,2010-11-25,
Haris Raharjo,20,2,M,1966-04-13,1992-09-21,
"Dwi Suprapto, A.Md.T",24,2,M,1991-09-05,2017-11-30,
"Usman Suryanto, S.E",13,2,M,1998-07-15,2019-06-29,
"A.Md.Rad, Hadi Saputra",7,1,M,1988-05-30,2022-11-02,
"Indra Santoso, Sp.Kep",3,1,M,1971-04-21,2008-12-20,2017-02-07
Cahyo Suprapto,17,2,M,1970-03-04,1996-12-14,
"Nur Firmansyah, A.Md.Kep",3,1,F,1972-01-03,1994-09-26,
"MD, Ade Hutabarat",1,1,M,1975-11-05,1993-05-18,
"MBBS, Kusuma Lubis",1,1,M,1987-06-08,2014-02-03,
"Dr., Silvi Hutapea",3,1,F,2003-09-30,2024-01-02,
"Yuni Putra, A.Md.Rad",7,1,F,1983-04-22,2018-03-01,
"Lina Hutapea, Ners",3,1,F,1987-03-22,2020-01-11,
"Bella Purwanto, Dr.",3,1,F,1966-11-06,1999-03-24,
"Bambang Firmansyah, A.Md.Kep",3,1,M,1968-03-16,2005-12-15,
Wulan Malik,15,2,F,1978-04-01,2015-09-22,
Diah Pasaribu,11,1,F,1981-07-04,2009-12-19,
"Fani Tampubolon, M.M",17,2,F,1967-10-31,1994-08-12,
Zara Utomo,20,2,F,1967-07-30,1991-08-31,
"Ners, Diana Suprapto",3,1,F,1993-02-09,2023-11-17,
"Gilang Widodo, A.Md.Kes",12,1,M,2000-01-14,2025-09-22,
Ani Wibowo,22,2,F,1974-10-20,2012-09-09,
"S.KM, Dwi Permana",16,2,M,1975-09-24,1993-10-29,
"Zulkifli Rahman, A.Md.Rad",7,1,M,1995-02-28,2024-06-13,
"Drs., Yanti Manurung",13,2,F,1979-10-02,1998-09-24,
"MD, Kartika Kusuma",1,1,F,1985-02-09,2023-12-14,
Wati Simbolon,3,1,F,2002-10-08,2020-05-21,
"Sari Sinaga, Sp.Kep",3,1,F,1969-02-09,1990-07-28,
"Bayu Suryanto, Dra.",13,2,M,1996-07-15,2024-05-07,2025-01-23
"Nadia Maulana, M.Kep",3,1,F,1995-05-15,2019-04-15,
Gilang Suprapto,22,2,M,1976-06-27,2015-08-03,
"Yanti Sari, M.M",17,2,F,1976-10-29,2001-08-16,
"Dwi Siahaan, M.Kep",3,1,M,1977-01-28,2010-08-16,
"Usman Situmorang, M.Kes",5,1,M,1971-09-27,2004-07-11,
Rahmat Manurung,21,2,M,2003-06-03,2025-04-25,
Fajar Sitompul,21,2,M,1986-07-18,2022-07-31,2025-10-28
"Bambang Nasution, M.Kep",3,1,M,1997-11-27,2016-07-17,
"dr. Sp.B, Ayu Lubis",2,1,F,1990-10-04,2011-05-28,
"A.Md.T, Nugroho Setiawan",24,2,M,1980-12-17,1999-11-21,2010-03-23
"Hesti Hartono, dr.",1,1,F,1994-05-03,2025-06-16,
"Novita Hartono, M.Kep",3,1,F,1979-04-18,2003-05-07,
"Puspita Hutapea, drg. Sp.Perio",2,1,F,2003-01-11,2024-08-10,
Nugroho Kurniawan,23,2,M,1968-05-06,1993-06-04,
"Prasetyo Santoso, Ners",3,1,M,1992-03-23,2020-07-04,
"Sri Kurniawan, M.Keb",4,1,F,2001-08-07,2019-02-05,
"M.Gz, Agus Siahaan",11,1,M,1990-06-16,2024-08-07,
"Indra Rahman, A.Md.Rad",7,1,M,1992-04-13,2023-04-08,
Lukman Setiawan,1,1,M,1993-08-16,2020-02-16,
"Made Simanjuntak, Ners",3,1,M,2000-02-05,2025-12-27,
Fitri Hermawan,23,2,F,2001-09-28,2025-12-06,
"Mahendra Hakim, Dra.",13,2,M,1974-06-20,1999-05-02,
"Eko Rahman, S.E",17,2,M,1995-10-26,2019-07-04,
"Irfan Wibowo, S.Kes",5,1,M,1973-01-11,2001-04-21,
"Kurniawan Sinaga, M.Ked",1,1,M,1985-12-04,2003-04-25,
"M.Farm, Bayu Firmansyah",9,1,M,1973-06-16,2007-04-01,
"M.Ak, Putri Wibowo",18,2,F,1977-03-28,2015-05-28,
"Rudi Hutabarat, dr. Sp.KK",2,1,M,1970-11-26,1993-12-02,
Firmansyah Situmorang,20,2,M,1973-06-29,2012-09-19,2021-08-11
"Retno Maulana, Ners",3,1,F,1979-11-24,2010-07-30,
"Kusuma Kusuma, S.Kep",3,1,M,1966-08-12,1996-11-26,
"Dra., Taufik Kurniawan",13,2,M,1981-06-30,2011-08-07,
"S.KM, Puspita Raharjo",25,2,F,1983-11-09,2020-07-28,
Candra Nugroho,23,2,M,1978-03-21,1996-03-19,
"Vera Hidayat, S.Kep",3,1,F,1985-06-13,2024-06-05,
"Indah Wibowo, MBA",13,2,F,1991-07-30,2009-01-05,
"Nugroho Sari, Prof. Dr. dr. Sp.A",2,1,M,1985-02-08,2004-03-15,
"S.Tr.Kes, Candra Wijaya",21,2,M,1973-06-01,2000-03-29,
"M.Farm, Bella Sari",9,1,F,1979-05-29,2017-08-31,
"Ners, Retno Santoso",3,1,F,1986-08-08,2005-10-16,
"Ayu Panjaitan, Dr.",1,1,F,1989-08-01,2009-11-22,
"Tri Prabowo, M.Kep",3,1,F,1978-08-21,1996-04-08,
"M.Kep, Fani Hermawan",3,1,F,1985-12-09,2010-05-27,
Diah Budiman,20,2,F,1995-02-25,2015-03-25,
